Mon,date,year,r1
12,31,2012,36
12,30,2012,27
12,29,2012,14
12,28,2012,55
12,27,2012,03
12,26,2012,69
12,25,2012,94
12,24,2012,51
12,23,2012,58
12,22,2012,15
12,21,2012,86
12,20,2012,31
12,19,2012,16
12,18,2012,83
12,17,2012,65
12,16,2012,99
12,15,2012,24
12,14,2012,54
12,13,2012,38
12,12,2012,53
12,11,2012,17
12,10,2012,87
12,09,2012,27
12,08,2012,17
12,07,2012,24
12,06,2012,21
12,05,2012,58
12,04,2012,27
12,03,2012,65
12,02,2012,34
12,01,2012,61
11,30,2012,70
11,29,2012,65
11,28,2012,64
11,27,2012,00
11,26,2012,80
11,25,2012,49
11,24,2012,06
11,23,2012,94
11,22,2012,90
11,21,2012,47
11,20,2012,48
11,19,2012,58
11,18,2012,70
11,17,2012,65
11,16,2012,80
11,15,2012,14
11,14,2012,80
11,13,2012,37
11,12,2012,30
11,11,2012,62
11,10,2012,92
11,09,2012,67
11,08,2012,31
11,07,2012,62
11,06,2012,90
11,05,2012,06
11,04,2012,45
11,03,2012,68
11,02,2012,56
11,01,2012,62
10,31,2012,54
10,30,2012,31
10,29,2012,13
10,28,2012,81
10,27,2012,36
10,26,2012,49
10,25,2012,51
10,24,2012,73
10,23,2012,32
10,22,2012,56
10,21,2012,42
10,20,2012,26
10,19,2012,55
10,18,2012,46
10,17,2012,55
10,16,2012,38
10,15,2012,22
10,14,2012,49
10,13,2012,86
10,12,2012,95
10,11,2012,71
10,10,2012,63
10,09,2012,35
10,08,2012,28
10,07,2012,03
10,06,2012,20
10,05,2012,24
10,04,2012,68
10,03,2012,88
10,02,2012,27
10,01,2012,16
9,30,2012,40
9,29,2012,01
9,28,2012,41
9,27,2012,41
9,26,2012,56
9,25,2012,23
9,24,2012,10
9,23,2012,30
9,22,2012,18
9,21,2012,08
9,20,2012,41
9,19,2012,59
9,18,2012,23
9,17,2012,00
9,16,2012,94
9,15,2012,14
9,14,2012,38
9,13,2012,00
9,12,2012,66
9,11,2012,89
9,10,2012,17
9,09,2012,30
9,08,2012,38
9,07,2012,53
9,06,2012,52
9,05,2012,39
9,04,2012,75
9,03,2012,66
9,02,2012,45
9,01,2012,55
8,31,2012,72
8,30,2012,38
8,29,2012,06
8,28,2012,01
8,27,2012,90
8,26,2012,00
8,25,2012,13
8,24,2012,74
8,23,2012,58
8,22,2012,11
8,21,2012,18
8,20,2012,11
8,19,2012,48
8,18,2012,15
8,17,2012,73
8,16,2012,05
8,15,2012,53
8,14,2012,77
8,13,2012,02
8,12,2012,40
8,11,2012,30
8,10,2012,98
8,09,2012,44
8,08,2012,95
8,07,2012,50
8,06,2012,00
8,05,2012,78
8,04,2012,32
8,03,2012,61
8,02,2012,93
8,01,2012,90
7,31,2012,45
7,30,2012,67
7,29,2012,93
7,28,2012,50
7,27,2012,59
7,26,2012,74
7,25,2012,94
7,24,2012,62
7,23,2012,73
7,22,2012,35
7,21,2012,93
7,20,2012,96
7,19,2012,36
7,18,2012,14
7,17,2012,07
7,16,2012,72
7,15,2012,35
7,14,2012,24
7,13,2012,09
7,12,2012,16
7,11,2012,10
7,10,2012,17
7,09,2012,30
7,08,2012,22
7,07,2012,57
7,06,2012,63
7,05,2012,90
7,04,2012,25
7,03,2012,78
7,02,2012,85
7,01,2012,06
6,30,2012,85
6,29,2012,27
6,28,2012,27
6,27,2012,67
6,26,2012,50
6,25,2012,96
6,24,2012,50
6,23,2012,16
6,22,2012,63
6,21,2012,65
6,20,2012,86
6,19,2012,91
6,18,2012,25
6,17,2012,58
6,16,2012,38
6,15,2012,65
6,14,2012,77
6,13,2012,55
6,12,2012,76
6,11,2012,50
6,10,2012,19
6,09,2012,83
6,08,2012,03
6,07,2012,53
6,06,2012,57
6,05,2012,40
12,31,2013,28
12,30,2013,42
12,29,2013,85
12,28,2013,52
12,27,2013,13
12,26,2013,73
12,25,2013,12
12,24,2013,77
12,23,2013,81
12,22,2013,64
12,21,2013,22
12,20,2013,23
12,19,2013,80
12,18,2013,90
12,17,2013,60
12,16,2013,68
12,15,2013,22
12,14,2013,81
12,13,2013,32
12,12,2013,05
12,11,2013,44
12,10,2013,34
12,09,2013,44
12,08,2013,90
12,07,2013,06
12,06,2013,80
12,05,2013,54
12,04,2013,01
12,03,2013,36
12,02,2013,39
12,01,2013,19
11,30,2013,48
11,29,2013,67
11,28,2013,73
11,27,2013,92
11,26,2013,15
11,25,2013,68
11,24,2013,31
11,23,2013,63
11,22,2013,69
11,21,2013,49
11,20,2013,10
11,19,2013,43
11,18,2013,39
11,17,2013,71
11,16,2013,49
11,15,2013,37
11,14,2013,30
11,13,2013,15
11,12,2013,05
11,11,2013,25
11,10,2013,93
11,09,2013,80
11,08,2013,67
11,07,2013,77
11,06,2013,06
11,05,2013,53
11,04,2013,22
11,03,2013,33
11,02,2013,48
11,01,2013,56
10,31,2013,45
10,30,2013,49
10,29,2013,86
10,28,2013,59
10,27,2013,21
10,26,2013,22
10,25,2013,61
10,24,2013,90
10,23,2013,00
10,22,2013,93
10,21,2013,71
10,20,2013,74
10,19,2013,61
10,18,2013,81
10,17,2013,68
10,16,2013,26
10,15,2013,72
10,14,2013,31
10,13,2013,28
10,12,2013,85
10,11,2013,85
10,10,2013,85
10,09,2013,64
10,08,2013,25
10,07,2013,92
10,06,2013,60
10,05,2013,01
10,04,2013,69
10,03,2013,70
10,02,2013,14
10,01,2013,73
9,30,2013,59
9,29,2013,50
9,28,2013,43
9,27,2013,51
9,26,2013,20
9,25,2013,55
9,24,2013,95
9,23,2013,98
9,22,2013,24
9,21,2013,26
9,20,2013,55
9,19,2013,07
9,18,2013,27
9,17,2013,58
9,16,2013,01
9,15,2013,40
9,14,2013,41
9,13,2013,80
9,12,2013,71
9,11,2013,66
9,10,2013,59
9,09,2013,35
9,08,2013,37
9,07,2013,68
9,06,2013,46
9,05,2013,89
9,04,2013,97
9,03,2013,93
9,02,2013,41
9,01,2013,94
8,31,2013,46
8,30,2013,78
8,29,2013,36
8,28,2013,25
8,27,2013,20
8,26,2013,63
8,25,2013,43
8,24,2013,29
8,23,2013,29
8,22,2013,88
8,21,2013,02
8,20,2013,86
8,19,2013,27
8,18,2013,38
8,17,2013,04
8,16,2013,63
8,15,2013,26
8,14,2013,50
8,13,2013,60
8,12,2013,09
8,11,2013,14
8,10,2013,50
8,09,2013,23
8,08,2013,34
8,07,2013,91
8,06,2013,64
8,05,2013,39
8,04,2013,35
8,03,2013,31
8,02,2013,46
8,01,2013,53
7,31,2013,77
7,30,2013,47
7,29,2013,81
7,28,2013,67
7,27,2013,15
7,26,2013,79
7,25,2013,96
7,24,2013,61
7,23,2013,01
7,22,2013,27
7,21,2013,04
7,20,2013,21
7,19,2013,42
7,18,2013,19
7,17,2013,39
7,16,2013,29
7,15,2013,41
7,14,2013,04
7,13,2013,77
7,12,2013,41
7,11,2013,82
7,10,2013,40
7,09,2013,68
7,08,2013,56
7,07,2013,02
7,06,2013,57
7,05,2013,74
7,04,2013,32
7,03,2013,05
7,02,2013,02
7,01,2013,29
6,30,2013,76
6,29,2013,12
6,28,2013,53
6,27,2013,48
6,26,2013,68
6,25,2013,79
6,24,2013,05
6,23,2013,78
6,22,2013,65
6,21,2013,13
6,20,2013,58
6,19,2013,96
6,18,2013,22
6,17,2013,44
6,16,2013,39
6,15,2013,51
6,14,2013,83
6,13,2013,33
6,12,2013,86
6,11,2013,32
6,10,2013,18
6,09,2013,75
6,08,2013,48
6,07,2013,25
6,06,2013,34
6,05,2013,34
6,04,2013,25
6,03,2013,59
6,02,2013,14
6,01,2013,55
5,31,2013,60
5,30,2013,61
5,29,2013,27
5,28,2013,16
5,27,2013,32
5,26,2013,16
5,25,2013,54
5,24,2013,34
5,23,2013,85
5,22,2013,52
5,21,2013,87
5,20,2013,27
5,19,2013,30
5,18,2013,04
5,17,2013,20
5,16,2013,34
5,15,2013,77
5,14,2013,69
5,13,2013,89
5,12,2013,47
5,11,2013,26
5,10,2013,07
5,09,2013,58
5,08,2013,95
5,07,2013,57
5,06,2013,13
5,05,2013,50
5,04,2013,53
5,03,2013,89
5,02,2013,57
5,01,2013,79
4,30,2013,65
4,29,2013,02
4,28,2013,05
4,27,2013,28
4,26,2013,63
4,25,2013,77
4,24,2013,68
4,23,2013,63
4,22,2013,82
4,21,2013,32
4,20,2013,89
4,19,2013,91
4,18,2013,22
4,17,2013,60
4,16,2013,28
4,15,2013,02
4,14,2013,11
4,13,2013,60
4,12,2013,01
4,11,2013,57
4,10,2013,26
4,09,2013,09
4,08,2013,59
4,07,2013,15
4,06,2013,26
4,05,2013,88
4,04,2013,56
4,03,2013,00
4,02,2013,57
4,01,2013,17
3,31,2013,77
3,30,2013,67
3,29,2013,94
3,28,2013,39
3,27,2013,52
3,26,2013,27
3,25,2013,14
3,24,2013,16
3,23,2013,35
3,22,2013,16
3,21,2013,31
3,20,2013,57
3,19,2013,58
3,18,2013,03
3,17,2013,18
3,16,2013,67
3,15,2013,76
3,14,2013,23
3,13,2013,61
3,12,2013,68
3,11,2013,32
3,10,2013,65
3,09,2013,18
3,08,2013,55
3,07,2013,41
3,06,2013,36
3,05,2013,93
3,04,2013,39
3,03,2013,58
3,02,2013,16
3,01,2013,65
2,28,2013,71
2,27,2013,57
2,26,2013,49
2,25,2013,99
2,24,2013,25
2,23,2013,85
2,22,2013,46
2,21,2013,22
2,20,2013,53
2,19,2013,03
2,18,2013,84
2,17,2013,56
2,16,2013,56
2,15,2013,82
2,14,2013,88
2,13,2013,31
2,12,2013,99
2,11,2013,16
2,10,2013,30
2,09,2013,26
2,08,2013,20
2,07,2013,55
2,06,2013,31
2,05,2013,10
2,04,2013,15
2,03,2013,06
2,02,2013,57
2,01,2013,80
1,31,2013,75
1,30,2013,09
1,29,2013,47
1,28,2013,37
1,27,2013,53
1,26,2013,64
1,25,2013,38
1,24,2013,83
1,23,2013,70
1,22,2013,32
1,21,2013,39
1,20,2013,04
1,19,2013,33
1,18,2013,99
1,17,2013,06
1,16,2013,15
1,15,2013,42
1,14,2013,23
1,13,2013,29
1,12,2013,08
1,11,2013,68
1,10,2013,80
1,09,2013,83
1,08,2013,29
1,07,2013,48
1,06,2013,58
1,05,2013,43
1,04,2013,81
1,03,2013,05
1,02,2013,96
1,01,2013,77
12,31,2014,85
12,30,2014,03
12,29,2014,75
12,28,2014,21
12,27,2014,28
12,26,2014,68
12,25,2014,14
12,24,2014,31
12,23,2014,46
12,22,2014,12
12,21,2014,50
12,20,2014,93
12,19,2014,53
12,18,2014,99
12,17,2014,01
12,16,2014,28
12,15,2014,45
12,14,2014,63
12,13,2014,12
12,12,2014,35
12,11,2014,17
12,10,2014,08
12,09,2014,77
12,08,2014,62
12,07,2014,01
12,06,2014,22
12,05,2014,43
12,04,2014,19
12,03,2014,10
12,02,2014,13
12,01,2014,74
11,30,2014,83
11,29,2014,30
11,28,2014,48
11,27,2014,43
11,26,2014,56
11,25,2014,93
11,24,2014,72
11,23,2014,20
11,22,2014,15
11,21,2014,47
11,20,2014,14
11,19,2014,18
11,18,2014,21
11,17,2014,14
11,16,2014,93
11,15,2014,22
11,14,2014,77
11,13,2014,43
11,12,2014,75
11,11,2014,89
11,10,2014,57
11,09,2014,17
11,08,2014,97
11,07,2014,34
11,06,2014,04
11,05,2014,92
11,04,2014,45
11,03,2014,66
11,02,2014,09
11,01,2014,22
10,31,2014,60
10,30,2014,74
10,29,2014,27
10,28,2014,99
10,27,2014,19
10,26,2014,06
10,25,2014,20
10,24,2014,91
10,23,2014,96
10,22,2014,42
10,21,2014,74
10,20,2014,66
10,19,2014,44
10,18,2014,65
10,17,2014,64
10,16,2014,63
10,15,2014,89
10,14,2014,55
10,13,2014,05
10,12,2014,26
10,11,2014,62
10,10,2014,69
10,09,2014,28
10,08,2014,80
10,07,2014,13
10,06,2014,53
10,05,2014,31
10,04,2014,09
10,03,2014,92
10,02,2014,14
10,01,2014,24
9,30,2014,10
9,29,2014,44
9,28,2014,07
9,27,2014,56
9,26,2014,21
9,25,2014,94
9,24,2014,61
9,23,2014,11
9,22,2014,38
9,21,2014,69
9,20,2014,87
9,19,2014,58
9,18,2014,69
9,17,2014,31
9,16,2014,20
9,15,2014,82
9,14,2014,46
9,13,2014,11
9,12,2014,58
9,11,2014,79
9,10,2014,10
9,09,2014,12
9,08,2014,13
9,07,2014,73
9,06,2014,92
9,05,2014,67
9,04,2014,40
9,03,2014,49
9,02,2014,15
9,01,2014,29
8,31,2014,55
8,30,2014,85
8,29,2014,25
8,28,2014,33
8,27,2014,20
8,26,2014,72
8,25,2014,30
8,24,2014,65
8,23,2014,29
8,22,2014,70
8,21,2014,94
8,20,2014,46
8,19,2014,75
8,18,2014,62
8,17,2014,43
8,16,2014,23
8,15,2014,58
8,14,2014,03
8,13,2014,40
8,12,2014,81
8,11,2014,24
8,10,2014,90
8,09,2014,52
8,08,2014,10
8,07,2014,93
8,06,2014,27
8,05,2014,72
8,04,2014,50
8,03,2014,13
8,02,2014,81
8,01,2014,17
7,31,2014,51
7,30,2014,97
7,29,2014,90
7,28,2014,55
7,27,2014,92
7,26,2014,53
7,25,2014,12
7,24,2014,28
7,23,2014,49
7,22,2014,53
7,21,2014,15
7,20,2014,68
7,19,2014,34
7,18,2014,97
7,17,2014,49
7,16,2014,21
7,15,2014,89
7,14,2014,04
7,13,2014,26
7,12,2014,23
7,11,2014,31
7,10,2014,32
7,09,2014,92
7,08,2014,29
7,07,2014,74
7,06,2014,83
7,05,2014,31
7,04,2014,36
7,03,2014,57
7,02,2014,34
7,01,2014,94
6,30,2014,53
6,29,2014,46
6,28,2014,27
6,27,2014,52
6,26,2014,23
6,25,2014,02
6,24,2014,81
6,23,2014,64
6,22,2014,72
6,21,2014,72
6,20,2014,57
6,19,2014,03
6,18,2014,07
6,17,2014,69
6,16,2014,59
6,15,2014,31
6,14,2014,90
6,13,2014,46
6,12,2014,88
6,11,2014,55
6,10,2014,18
6,09,2014,23
6,08,2014,44
6,07,2014,63
6,06,2014,90
6,05,2014,68
6,04,2014,44
6,03,2014,52
6,02,2014,86
6,01,2014,82
5,31,2014,40
5,30,2014,50
5,29,2014,21
5,28,2014,53
5,27,2014,32
5,26,2014,63
5,25,2014,77
5,24,2014,57
5,23,2014,86
5,22,2014,45
5,21,2014,47
5,20,2014,74
5,19,2014,68
5,18,2014,80
5,17,2014,03
5,16,2014,92
5,15,2014,99
5,14,2014,05
5,13,2014,84
5,12,2014,02
5,11,2014,89
5,10,2014,42
5,09,2014,79
5,08,2014,32
5,07,2014,25
5,06,2014,69
5,05,2014,93
5,04,2014,42
5,03,2014,40
5,02,2014,18
5,01,2014,82
4,30,2014,85
4,29,2014,37
4,28,2014,04
4,27,2014,47
4,26,2014,17
4,25,2014,23
4,24,2014,08
4,23,2014,67
4,22,2014,07
4,21,2014,82
4,20,2014,41
4,19,2014,03
4,18,2014,87
4,17,2014,30
4,16,2014,55
4,15,2014,93
4,14,2014,08
4,13,2014,23
4,12,2014,94
4,11,2014,59
4,10,2014,77
4,09,2014,25
4,08,2014,38
4,07,2014,69
4,06,2014,12
4,05,2014,93
4,04,2014,05
4,03,2014,06
4,02,2014,06
4,01,2014,88
3,31,2014,88
3,30,2014,70
3,29,2014,79
3,28,2014,16
3,27,2014,35
3,26,2014,57
3,25,2014,93
3,24,2014,28
3,23,2014,59
3,22,2014,95
3,21,2014,54
3,20,2014,35
3,19,2014,03
3,18,2014,57
3,17,2014,26
3,16,2014,19
3,15,2014,85
3,14,2014,32
3,13,2014,50
3,12,2014,18
3,11,2014,05
3,10,2014,74
3,09,2014,62
3,08,2014,01
3,07,2014,46
3,06,2014,21
3,05,2014,08
3,04,2014,55
3,03,2014,99
3,02,2014,70
3,01,2014,51
2,28,2014,77
2,27,2014,51
2,26,2014,09
2,25,2014,05
2,24,2014,54
2,23,2014,21
2,22,2014,54
2,21,2014,64
2,20,2014,26
2,19,2014,74
2,18,2014,70
2,17,2014,49
2,16,2014,20
2,15,2014,52
2,14,2014,37
2,13,2014,64
2,12,2014,56
2,11,2014,38
2,10,2014,35
2,09,2014,43
2,08,2014,84
2,07,2014,72
2,06,2014,04
2,05,2014,54
2,04,2014,52
2,03,2014,77
2,02,2014,69
2,01,2014,50
1,31,2014,90
1,30,2014,50
1,29,2014,01
1,28,2014,07
1,27,2014,34
1,26,2014,93
1,25,2014,37
1,24,2014,61
1,23,2014,07
1,22,2014,33
1,21,2014,51
1,20,2014,18
1,19,2014,40
1,18,2014,36
1,17,2014,54
1,16,2014,05
1,15,2014,36
1,14,2014,61
1,13,2014,62
1,12,2014,93
1,11,2014,11
1,10,2014,15
1,09,2014,31
1,08,2014,39
1,07,2014,92
1,06,2014,61
1,05,2014,33
1,04,2014,56
1,03,2014,70
1,02,2014,53
1,01,2014,60
12,31,2015,35
12,30,2015,92
12,29,2015,20
12,28,2015,13
12,27,2015,11
12,26,2015,39
12,25,2015,10
12,24,2015,95
12,23,2015,65
12,22,2015,55
12,21,2015,60
12,20,2015,62
12,19,2015,56
12,18,2015,87
12,17,2015,90
12,16,2015,82
12,15,2015,47
12,14,2015,15
12,13,2015,86
12,12,2015,03
12,11,2015,45
12,10,2015,90
12,09,2015,69
12,08,2015,62
12,07,2015,99
12,06,2015,02
12,05,2015,22
12,04,2015,77
12,03,2015,97
12,02,2015,66
12,01,2015,13
11,30,2015,38
11,29,2015,11
11,28,2015,95
11,27,2015,66
11,26,2015,06
11,25,2015,01
11,24,2015,45
11,23,2015,90
11,22,2015,38
11,21,2015,23
11,20,2015,92
11,19,2015,22
11,18,2015,69
11,17,2015,82
11,16,2015,28
11,15,2015,49
11,14,2015,84
11,13,2015,83
11,12,2015,41
11,11,2015,03
11,10,2015,97
11,09,2015,42
11,08,2015,14
11,07,2015,47
11,06,2015,95
11,05,2015,28
11,04,2015,81
11,03,2015,67
11,02,2015,43
11,01,2015,46
10,31,2015,96
10,30,2015,85
10,29,2015,26
10,28,2015,16
10,27,2015,99
10,26,2015,03
10,25,2015,82
10,24,2015,55
10,23,2015,35
10,22,2015,99
10,21,2015,28
10,20,2015,92
10,19,2015,77
10,18,2015,40
10,17,2015,59
10,16,2015,21
10,15,2015,29
10,14,2015,81
10,13,2015,17
10,12,2015,48
10,11,2015,40
10,10,2015,79
10,09,2015,91
10,08,2015,22
10,07,2015,07
10,06,2015,04
10,05,2015,06
10,04,2015,91
10,03,2015,39
10,02,2015,82
10,01,2015,13
9,30,2015,07
9,29,2015,27
9,28,2015,31
9,27,2015,78
9,26,2015,10
9,25,2015,03
9,24,2015,01
9,23,2015,69
9,22,2015,44
9,21,2015,96
9,20,2015,89
9,19,2015,91
9,18,2015,69
9,17,2015,78
9,16,2015,19
9,15,2015,93
9,14,2015,50
9,13,2015,54
9,12,2015,01
9,11,2015,79
9,10,2015,69
9,09,2015,16
9,08,2015,44
9,07,2015,31
9,06,2015,03
9,05,2015,76
9,04,2015,98
9,03,2015,79
9,02,2015,41
9,01,2015,10
8,31,2015,54
8,30,2015,93
8,29,2015,16
8,28,2015,53
8,27,2015,25
8,26,2015,58
8,25,2015,59
8,24,2015,23
8,23,2015,75
8,22,2015,23
8,21,2015,90
8,20,2015,70
8,19,2015,18
8,18,2015,90
8,17,2015,45
8,16,2015,37
8,15,2015,97
8,14,2015,22
8,13,2015,15
8,12,2015,28
8,11,2015,02
8,10,2015,93
8,09,2015,06
8,08,2015,76
8,07,2015,27
8,06,2015,02
8,05,2015,88
8,04,2015,30
8,03,2015,22
8,02,2015,45
8,01,2015,34
7,31,2015,74
7,30,2015,55
7,29,2015,15
7,28,2015,42
7,27,2015,38
7,26,2015,86
7,25,2015,14
7,24,2015,10
7,23,2015,85
7,22,2015,94
7,21,2015,08
7,20,2015,81
7,19,2015,14
7,18,2015,37
7,17,2015,56
7,16,2015,96
7,15,2015,48
7,14,2015,58
7,13,2015,12
7,12,2015,54
7,11,2015,63
7,10,2015,72
7,09,2015,54
7,08,2015,03
7,07,2015,89
7,06,2015,81
7,05,2015,42
7,04,2015,88
7,03,2015,04
7,02,2015,51
7,01,2015,12
6,30,2015,38
6,29,2015,41
6,28,2015,54
6,27,2015,59
6,26,2015,70
6,25,2015,47
6,24,2015,28
6,23,2015,17
6,22,2015,58
6,21,2015,53
6,20,2015,45
6,19,2015,30
6,18,2015,18
6,17,2015,76
6,16,2015,77
6,15,2015,63
6,14,2015,18
6,13,2015,84
6,12,2015,12
6,11,2015,86
6,10,2015,10
6,09,2015,08
6,08,2015,66
6,07,2015,13
6,06,2015,52
6,05,2015,69
6,04,2015,37
6,03,2015,04
6,02,2015,69
6,01,2015,36
5,31,2015,13
5,30,2015,41
5,29,2015,71
5,28,2015,77
5,27,2015,68
5,26,2015,41
5,25,2015,13
5,24,2015,14
5,23,2015,47
5,22,2015,79
5,21,2015,99
5,20,2015,75
5,19,2015,92
5,18,2015,22
5,17,2015,01
5,16,2015,63
5,15,2015,02
5,14,2015,59
5,13,2015,05
5,12,2015,00
5,11,2015,00
5,10,2015,64
5,09,2015,08
5,08,2015,89
5,07,2015,98
5,06,2015,35
5,05,2015,93
5,04,2015,18
5,03,2015,16
5,02,2015,09
5,01,2015,93
4,30,2015,78
4,29,2015,46
4,28,2015,01
4,27,2015,38
4,26,2015,41
4,25,2015,94
4,24,2015,37
4,23,2015,04
4,22,2015,83
4,21,2015,13
4,20,2015,28
4,19,2015,95
4,18,2015,69
4,17,2015,81
4,16,2015,58
4,15,2015,89
4,14,2015,65
4,13,2015,38
4,12,2015,51
4,11,2015,64
4,10,2015,57
4,09,2015,21
4,08,2015,41
4,07,2015,95
4,06,2015,02
4,05,2015,66
4,04,2015,35
4,03,2015,22
4,02,2015,18
4,01,2015,41
3,31,2015,37
3,30,2015,04
3,29,2015,91
3,28,2015,15
3,27,2015,40
3,26,2015,26
3,25,2015,93
3,24,2015,33
3,23,2015,46
3,22,2015,38
3,21,2015,23
3,20,2015,16
3,19,2015,41
3,18,2015,99
3,17,2015,57
3,16,2015,82
3,15,2015,54
3,14,2015,09
3,13,2015,62
3,12,2015,51
3,11,2015,37
3,10,2015,70
3,09,2015,11
3,08,2015,29
3,07,2015,00
3,06,2015,65
3,05,2015,07
3,04,2015,01
3,03,2015,91
3,02,2015,87
3,01,2015,46
2,28,2015,06
2,27,2015,56
2,26,2015,49
2,25,2015,30
2,24,2015,34
2,23,2015,09
2,22,2015,88
2,21,2015,16
2,20,2015,27
2,19,2015,58
2,18,2015,66
2,17,2015,06
2,16,2015,06
2,15,2015,61
2,14,2015,33
2,13,2015,15
2,12,2015,89
2,11,2015,27
2,10,2015,91
2,09,2015,89
2,08,2015,22
2,07,2015,15
2,06,2015,04
2,05,2015,18
2,04,2015,87
2,03,2015,80
2,02,2015,72
2,01,2015,71
1,31,2015,23
1,30,2015,72
1,29,2015,99
1,28,2015,87
1,27,2015,82
1,26,2015,73
1,25,2015,57
1,24,2015,86
1,23,2015,27
1,22,2015,41
1,21,2015,41
1,20,2015,49
1,19,2015,11
1,18,2015,96
1,17,2015,18
1,16,2015,36
1,15,2015,32
1,14,2015,57
1,13,2015,63
1,12,2015,22
1,11,2015,19
1,10,2015,11
1,09,2015,22
1,08,2015,09
1,07,2015,71
1,06,2015,17
1,05,2015,50
1,04,2015,89
1,03,2015,28
1,02,2015,03
1,01,2015,85
12,31,2016,87
12,30,2016,72
12,29,2016,47
12,28,2016,34
12,27,2016,66
12,26,2016,79
12,25,2016,44
12,24,2016,60
12,23,2016,43
12,22,2016,91
12,21,2016,02
12,20,2016,52
12,19,2016,82
12,18,2016,62
12,17,2016,15
12,16,2016,29
12,15,2016,35
12,14,2016,86
12,13,2016,48
12,12,2016,67
12,11,2016,63
12,10,2016,16
12,09,2016,40
12,08,2016,11
12,07,2016,00
12,06,2016,98
12,05,2016,57
12,04,2016,14
12,03,2016,68
12,02,2016,43
12,01,2016,82
11,30,2016,96
11,29,2016,09
11,28,2016,96
11,27,2016,68
11,26,2016,57
11,25,2016,45
11,24,2016,69
11,23,2016,98
11,22,2016,62
11,21,2016,34
11,20,2016,07
11,19,2016,34
11,18,2016,52
11,17,2016,61
11,16,2016,73
11,15,2016,08
11,14,2016,96
11,13,2016,54
11,12,2016,87
11,11,2016,07
11,10,2016,45
11,09,2016,34
11,08,2016,44
11,07,2016,45
11,06,2016,87
11,05,2016,89
11,04,2016,11
11,03,2016,09
11,02,2016,97
11,01,2016,41
10,31,2016,62
10,30,2016,16
10,29,2016,01
10,28,2016,81
10,27,2016,44
10,26,2016,52
10,25,2016,31
10,24,2016,56
10,23,2016,25
10,22,2016,42
10,21,2016,51
10,20,2016,97
10,19,2016,92
10,18,2016,68
10,17,2016,72
10,16,2016,12
10,15,2016,75
10,14,2016,84
10,13,2016,90
10,12,2016,10
10,11,2016,53
10,10,2016,36
10,09,2016,81
10,08,2016,94
10,07,2016,91
10,06,2016,21
10,05,2016,75
10,04,2016,54
10,03,2016,11
10,02,2016,62
10,01,2016,51
9,30,2016,10
9,29,2016,24
9,28,2016,51
9,27,2016,15
9,26,2016,89
9,25,2016,94
9,24,2016,42
9,23,2016,86
9,22,2016,16
9,21,2016,33
9,20,2016,35
9,19,2016,23
9,18,2016,00
9,17,2016,15
9,16,2016,87
9,15,2016,79
9,14,2016,85
9,13,2016,20
9,12,2016,91
9,11,2016,05
9,10,2016,91
9,09,2016,06
9,08,2016,91
9,07,2016,24
9,06,2016,26
9,05,2016,21
9,04,2016,50
9,03,2016,92
9,02,2016,50
9,01,2016,63
8,31,2016,12
8,30,2016,75
8,29,2016,94
8,28,2016,35
8,27,2016,52
8,26,2016,45
8,25,2016,19
8,24,2016,14
8,23,2016,86
8,22,2016,29
8,21,2016,22
8,20,2016,52
8,19,2016,82
8,18,2016,22
8,17,2016,28
8,16,2016,84
8,15,2016,19
8,14,2016,89
8,13,2016,57
8,12,2016,57
8,11,2016,86
8,10,2016,97
8,09,2016,09
8,08,2016,39
8,07,2016,34
8,06,2016,14
8,05,2016,99
8,04,2016,71
8,03,2016,21
8,02,2016,80
8,01,2016,43
7,31,2016,22
7,30,2016,11
7,29,2016,20
7,28,2016,66
7,27,2016,01
7,26,2016,79
7,25,2016,57
7,24,2016,06
7,23,2016,52
7,22,2016,72
7,21,2016,33
7,20,2016,05
7,19,2016,44
7,18,2016,82
7,17,2016,77
7,16,2016,78
7,15,2016,94
7,14,2016,90
7,13,2016,64
7,12,2016,88
7,11,2016,06
7,10,2016,48
7,09,2016,87
7,08,2016,09
7,07,2016,78
7,06,2016,25
7,05,2016,70
7,04,2016,77
7,03,2016,24
7,02,2016,26
7,01,2016,07
6,30,2016,06
6,29,2016,18
6,28,2016,87
6,27,2016,98
6,26,2016,76
6,25,2016,71
6,24,2016,17
6,23,2016,76
6,22,2016,85
6,21,2016,54
6,20,2016,42
6,19,2016,56
6,18,2016,62
6,17,2016,66
6,16,2016,48
6,15,2016,20
6,14,2016,59
6,13,2016,35
6,12,2016,39
6,11,2016,95
6,10,2016,74
6,09,2016,71
6,08,2016,73
6,07,2016,67
6,06,2016,15
6,05,2016,30
6,04,2016,65
6,03,2016,88
6,02,2016,55
6,01,2016,59
5,31,2016,91
5,30,2016,18
5,29,2016,59
5,28,2016,17
5,27,2016,22
5,26,2016,03
5,25,2016,64
5,24,2016,04
5,23,2016,66
5,22,2016,34
5,21,2016,17
5,20,2016,42
5,19,2016,03
5,18,2016,00
5,17,2016,92
5,16,2016,36
5,15,2016,71
5,14,2016,17
5,13,2016,94
5,12,2016,96
5,11,2016,72
5,10,2016,49
5,09,2016,20
5,08,2016,39
5,07,2016,81
5,06,2016,36
5,05,2016,68
5,04,2016,01
5,03,2016,54
5,02,2016,32
5,01,2016,24
4,30,2016,07
4,29,2016,10
4,28,2016,37
4,27,2016,48
4,26,2016,85
4,25,2016,60
4,24,2016,14
4,23,2016,95
4,22,2016,46
4,21,2016,58
4,20,2016,66
4,19,2016,42
4,18,2016,58
4,17,2016,83
4,16,2016,37
4,15,2016,96
4,14,2016,12
4,13,2016,74
4,12,2016,92
4,11,2016,13
4,10,2016,25
4,09,2016,09
4,08,2016,19
4,07,2016,64
4,06,2016,98
4,05,2016,70
4,04,2016,41
4,03,2016,88
4,02,2016,62
4,01,2016,71
3,31,2016,63
3,30,2016,06
3,29,2016,16
3,28,2016,70
3,27,2016,94
3,26,2016,90
3,25,2016,88
3,24,2016,41
3,23,2016,92
3,22,2016,38
3,21,2016,08
3,20,2016,43
3,19,2016,88
3,18,2016,59
3,17,2016,91
3,16,2016,87
3,15,2016,85
3,14,2016,95
3,13,2016,31
3,12,2016,57
3,11,2016,56
3,10,2016,49
3,09,2016,39
3,08,2016,92
3,07,2016,00
3,06,2016,98
3,05,2016,51
3,04,2016,13
3,03,2016,16
3,02,2016,86
3,01,2016,11
2,29,2016,78
2,28,2016,47
2,27,2016,60
2,26,2016,10
2,25,2016,58
2,24,2016,77
2,23,2016,20
2,22,2016,75
2,21,2016,95
2,20,2016,70
2,19,2016,33
2,18,2016,57
2,17,2016,87
2,16,2016,09
2,15,2016,93
2,14,2016,45
2,13,2016,89
2,12,2016,15
2,11,2016,73
2,10,2016,34
2,09,2016,46
2,08,2016,22
2,07,2016,44
2,06,2016,45
2,05,2016,99
2,04,2016,11
2,03,2016,12
2,02,2016,89
2,01,2016,64
1,31,2016,33
1,30,2016,08
1,29,2016,86
1,28,2016,89
1,27,2016,66
1,26,2016,23
1,25,2016,85
1,24,2016,16
1,23,2016,05
1,22,2016,05
1,21,2016,32
1,20,2016,33
1,19,2016,82
1,18,2016,43
1,17,2016,86
1,16,2016,84
1,15,2016,38
1,14,2016,23
1,13,2016,33
1,12,2016,65
1,11,2016,57
1,10,2016,26
1,09,2016,96
1,08,2016,07
1,07,2016,66
1,06,2016,51
1,05,2016,78
1,04,2016,73
1,03,2016,56
1,02,2016,74
1,01,2016,21
12,31,2017,76
12,30,2017,69
12,29,2017,90
12,28,2017,42
12,27,2017,70
12,26,2017,77
12,25,2017,55
12,24,2017,23
12,23,2017,54
12,22,2017,05
12,21,2017,30
12,20,2017,01
12,19,2017,69
12,18,2017,21
12,17,2017,43
12,16,2017,87
12,15,2017,67
12,14,2017,53
12,13,2017,19
12,12,2017,79
12,11,2017,76
12,10,2017,48
12,09,2017,53
12,08,2017,96
12,07,2017,39
12,06,2017,15
12,05,2017,79
12,04,2017,66
12,03,2017,44
12,02,2017,51
12,01,2017,09
11,30,2017,16
11,29,2017,15
11,28,2017,11
11,27,2017,64
11,26,2017,13
11,25,2017,47
11,24,2017,37
11,23,2017,21
11,22,2017,34
11,21,2017,61
11,20,2017,96
11,19,2017,10
11,18,2017,63
11,17,2017,64
11,16,2017,86
11,15,2017,04
11,14,2017,53
11,13,2017,12
11,12,2017,69
11,11,2017,40
11,10,2017,90
11,09,2017,68
11,08,2017,47
11,07,2017,03
11,06,2017,69
11,05,2017,85
11,04,2017,04
11,03,2017,14
11,02,2017,14
11,01,2017,74
10,31,2017,00
10,30,2017,23
10,29,2017,98
10,28,2017,57
10,27,2017,55
10,26,2017,50
10,25,2017,97
10,24,2017,95
10,23,2017,42
10,22,2017,59
10,21,2017,53
10,20,2017,84
10,19,2017,57
10,18,2017,51
10,17,2017,23
10,16,2017,93
10,15,2017,05
10,14,2017,98
10,13,2017,17
10,12,2017,77
10,11,2017,19
10,10,2017,69
10,09,2017,27
10,08,2017,51
10,07,2017,10
10,06,2017,58
10,05,2017,41
10,04,2017,18
10,03,2017,67
10,02,2017,89
10,01,2017,57
9,30,2017,91
9,29,2017,16
9,28,2017,31
9,27,2017,48
9,26,2017,17
9,25,2017,99
9,24,2017,49
9,23,2017,79
9,22,2017,35
9,21,2017,90
9,20,2017,72
9,19,2017,20
9,18,2017,22
9,17,2017,62
9,16,2017,22
9,15,2017,60
9,14,2017,64
9,13,2017,89
9,12,2017,71
9,11,2017,25
9,10,2017,96
9,09,2017,66
9,08,2017,30
9,07,2017,89
9,06,2017,62
9,05,2017,26
9,04,2017,33
9,03,2017,75
9,02,2017,17
9,01,2017,75
8,31,2017,86
8,30,2017,74
8,29,2017,98
8,28,2017,09
8,27,2017,02
8,26,2017,29
8,25,2017,98
8,24,2017,64
8,23,2017,65
8,22,2017,25
8,21,2017,14
8,20,2017,94
8,19,2017,13
8,18,2017,09
8,17,2017,48
8,16,2017,11
8,15,2017,25
8,14,2017,94
8,13,2017,73
8,12,2017,20
8,11,2017,60
8,10,2017,25
8,09,2017,06
8,08,2017,72
8,07,2017,29
8,06,2017,07
8,05,2017,98
8,04,2017,67
8,03,2017,29
8,02,2017,49
8,01,2017,39
7,31,2017,53
7,30,2017,11
7,29,2017,07
7,28,2017,48
7,27,2017,69
7,26,2017,82
7,25,2017,19
7,24,2017,51
7,23,2017,86
7,22,2017,88
7,21,2017,12
7,20,2017,87
7,19,2017,30
7,18,2017,67
7,17,2017,00
7,16,2017,74
7,15,2017,57
7,14,2017,73
7,13,2017,08
7,12,2017,80
7,11,2017,70
7,10,2017,26
7,09,2017,81
7,08,2017,29
7,07,2017,70
7,06,2017,05
7,05,2017,39
7,04,2017,90
7,03,2017,81
7,02,2017,31
7,01,2017,21
6,30,2017,53
6,29,2017,23
6,28,2017,20
6,27,2017,62
6,26,2017,89
6,25,2017,60
6,24,2017,72
6,23,2017,27
6,22,2017,06
6,21,2017,56
6,20,2017,07
6,19,2017,91
6,18,2017,99
6,17,2017,04
6,16,2017,54
6,15,2017,77
6,14,2017,97
6,13,2017,74
6,12,2017,47
6,11,2017,66
6,10,2017,09
6,09,2017,52
6,08,2017,14
6,07,2017,85
6,06,2017,06
6,05,2017,84
6,04,2017,26
6,03,2017,36
6,02,2017,95
6,01,2017,36
5,31,2017,51
5,30,2017,31
5,29,2017,29
5,28,2017,53
5,27,2017,41
5,26,2017,95
5,25,2017,24
5,24,2017,47
5,23,2017,37
5,22,2017,09
5,21,2017,24
5,20,2017,92
5,19,2017,99
5,18,2017,49
5,17,2017,55
5,16,2017,26
5,15,2017,12
5,14,2017,65
5,13,2017,57
5,12,2017,76
5,11,2017,84
5,10,2017,65
5,09,2017,56
5,08,2017,22
5,07,2017,12
5,06,2017,23
5,05,2017,23
5,04,2017,36
5,03,2017,02
5,02,2017,83
5,01,2017,60
4,30,2017,34
4,29,2017,76
4,28,2017,90
4,27,2017,66
4,26,2017,32
4,25,2017,40
4,24,2017,79
4,23,2017,57
4,22,2017,71
4,21,2017,24
4,20,2017,13
4,19,2017,20
4,18,2017,73
4,17,2017,97
4,16,2017,14
4,15,2017,57
4,14,2017,56
4,13,2017,38
4,12,2017,45
4,11,2017,65
4,10,2017,50
4,09,2017,03
4,08,2017,49
4,07,2017,30
4,06,2017,37
4,05,2017,73
4,04,2017,25
4,03,2017,99
4,02,2017,55
4,01,2017,82
3,31,2017,78
3,30,2017,96
3,29,2017,00
3,28,2017,24
3,27,2017,31
3,26,2017,04
3,25,2017,76
3,24,2017,48
3,23,2017,78
3,22,2017,63
3,21,2017,10
3,20,2017,00
3,19,2017,41
3,18,2017,15
3,17,2017,07
3,16,2017,43
3,15,2017,25
3,14,2017,45
3,13,2017,32
3,12,2017,54
3,11,2017,50
3,10,2017,74
3,09,2017,31
3,08,2017,68
3,07,2017,01
3,06,2017,99
3,05,2017,97
3,04,2017,21
3,03,2017,51
3,02,2017,93
3,01,2017,84
2,28,2017,09
2,27,2017,46
2,26,2017,52
2,25,2017,94
2,24,2017,41
2,23,2017,47
2,22,2017,41
2,21,2017,59
2,20,2017,34
2,19,2017,66
2,18,2017,97
2,17,2017,09
2,16,2017,08
2,15,2017,24
2,14,2017,05
2,13,2017,98
2,12,2017,25
2,11,2017,17
2,10,2017,88
2,09,2017,46
2,08,2017,88
2,07,2017,66
2,06,2017,19
2,05,2017,13
2,04,2017,82
2,03,2017,63
2,02,2017,04
2,01,2017,76
1,31,2017,37
1,30,2017,45
1,29,2017,27
1,28,2017,55
1,27,2017,42
1,26,2017,88
1,25,2017,04
1,24,2017,85
1,23,2017,59
1,22,2017,75
1,21,2017,66
1,20,2017,80
1,19,2017,14
1,18,2017,26
1,17,2017,99
1,16,2017,23
1,15,2017,94
1,14,2017,78
1,13,2017,38
1,12,2017,31
1,11,2017,16
1,10,2017,62
1,09,2017,38
1,08,2017,88
1,07,2017,14
1,06,2017,19
1,05,2017,61
1,04,2017,84
1,03,2017,96
1,02,2017,62
1,01,2017,05
12,31,2018,39
12,30,2018,96
12,29,2018,87
12,28,2018,33
12,27,2018,42
12,26,2018,89
12,25,2018,27
12,24,2018,69
12,23,2018,09
12,22,2018,06
12,21,2018,49
12,20,2018,11
12,19,2018,56
12,18,2018,50
12,17,2018,19
12,16,2018,32
12,15,2018,15
12,14,2018,59
12,13,2018,84
12,12,2018,56
12,11,2018,60
12,10,2018,64
12,09,2018,76
12,08,2018,66
12,07,2018,59
12,06,2018,17
12,05,2018,31
12,04,2018,54
12,03,2018,83
12,02,2018,67
12,01,2018,73
11,30,2018,98
11,29,2018,88
11,28,2018,47
11,27,2018,61
11,26,2018,41
11,25,2018,27
11,24,2018,03
11,23,2018,20
11,22,2018,22
11,21,2018,70
11,20,2018,72
11,19,2018,21
11,18,2018,00
11,17,2018,23
11,16,2018,48
11,15,2018,26
11,14,2018,83
11,13,2018,13
11,12,2018,81
11,11,2018,40
11,10,2018,07
11,09,2018,80
11,08,2018,98
11,07,2018,54
11,06,2018,68
11,05,2018,20
11,04,2018,31
11,03,2018,92
11,02,2018,70
11,01,2018,67
10,31,2018,96
10,30,2018,83
10,29,2018,32
10,28,2018,38
10,27,2018,59
10,26,2018,22
10,25,2018,24
10,24,2018,31
10,23,2018,26
10,22,2018,08
10,21,2018,50
10,20,2018,11
10,19,2018,82
10,18,2018,74
10,17,2018,35
10,16,2018,60
10,15,2018,37
10,14,2018,06
10,13,2018,12
10,12,2018,17
10,11,2018,18
10,10,2018,08
10,09,2018,11
10,08,2018,60
10,07,2018,04
10,06,2018,35
10,05,2018,88
10,04,2018,25
10,03,2018,42
10,02,2018,68
10,01,2018,27
9,30,2018,62
9,29,2018,35
9,28,2018,09
9,27,2018,90
9,26,2018,88
9,25,2018,05
9,24,2018,32
9,23,2018,41
9,22,2018,92
9,21,2018,31
9,20,2018,46
9,19,2018,20
9,18,2018,84
9,17,2018,45
9,16,2018,74
9,15,2018,45
9,14,2018,83
9,13,2018,11
9,12,2018,11
9,11,2018,81
9,10,2018,67
9,09,2018,60
9,08,2018,33
9,07,2018,75
9,06,2018,84
9,05,2018,14
9,04,2018,46
9,03,2018,29
9,02,2018,62
9,01,2018,50
8,31,2018,47
8,30,2018,45
8,29,2018,95
8,28,2018,09
8,27,2018,03
8,26,2018,07
8,25,2018,58
8,24,2018,16
8,23,2018,76
8,22,2018,41
8,21,2018,97
8,20,2018,47
8,19,2018,41
8,18,2018,57
8,17,2018,44
8,16,2018,55
8,15,2018,80
8,14,2018,78
8,13,2018,14
8,12,2018,14
8,11,2018,18
8,10,2018,30
8,09,2018,15
8,08,2018,65
8,07,2018,83
8,06,2018,41
8,05,2018,85
8,04,2018,51
8,03,2018,57
8,02,2018,78
8,01,2018,02
7,31,2018,63
7,30,2018,81
7,29,2018,34
7,28,2018,46
7,27,2018,32
7,26,2018,73
7,25,2018,84
7,24,2018,06
7,23,2018,33
7,22,2018,54
7,21,2018,85
7,20,2018,43
7,19,2018,65
7,18,2018,53
7,17,2018,38
7,16,2018,10
7,15,2018,37
7,14,2018,91
7,13,2018,77
7,12,2018,37
7,11,2018,58
7,10,2018,61
7,09,2018,07
7,08,2018,41
7,07,2018,43
7,06,2018,39
7,05,2018,73
7,04,2018,20
7,03,2018,83
7,02,2018,32
7,01,2018,00
6,30,2018,05
6,29,2018,13
6,28,2018,29
6,27,2018,42
6,26,2018,13
6,25,2018,04
6,24,2018,39
6,23,2018,14
6,22,2018,27
6,21,2018,82
6,20,2018,41
6,19,2018,79
6,18,2018,99
6,17,2018,57
6,16,2018,85
6,15,2018,00
6,14,2018,52
6,13,2018,02
6,12,2018,34
6,11,2018,53
6,10,2018,47
6,09,2018,16
6,08,2018,42
6,07,2018,55
6,06,2018,76
6,05,2018,22
6,04,2018,02
6,03,2018,05
6,02,2018,01
6,01,2018,65
5,31,2018,84
5,30,2018,72
5,29,2018,79
5,28,2018,15
5,27,2018,44
5,26,2018,99
5,25,2018,27
5,24,2018,22
5,23,2018,31
5,22,2018,01
5,21,2018,93
5,20,2018,44
5,19,2018,88
5,18,2018,29
5,17,2018,92
5,16,2018,39
5,15,2018,38
5,14,2018,99
5,13,2018,83
5,12,2018,36
5,11,2018,75
5,10,2018,21
5,09,2018,71
5,08,2018,65
5,07,2018,32
5,06,2018,24
5,05,2018,47
5,04,2018,73
5,03,2018,35
5,02,2018,71
5,01,2018,39
4,30,2018,84
4,29,2018,98
4,28,2018,41
4,27,2018,26
4,26,2018,18
4,25,2018,99
4,24,2018,85
4,23,2018,57
4,22,2018,96
4,21,2018,00
4,20,2018,75
4,19,2018,08
4,18,2018,02
4,17,2018,39
4,16,2018,72
4,15,2018,23
4,14,2018,37
4,13,2018,88
4,12,2018,02
4,11,2018,21
4,10,2018,11
4,09,2018,30
4,08,2018,38
4,07,2018,50
4,06,2018,18
4,05,2018,11
4,04,2018,45
4,03,2018,54
4,02,2018,32
4,01,2018,53
3,31,2018,76
3,30,2018,78
3,29,2018,62
3,28,2018,50
3,27,2018,13
3,26,2018,72
3,25,2018,87
3,24,2018,28
3,23,2018,63
3,22,2018,41
3,21,2018,49
3,20,2018,73
3,19,2018,80
3,18,2018,88
3,17,2018,92
3,16,2018,94
3,15,2018,89
3,14,2018,80
3,13,2018,58
3,12,2018,02
3,11,2018,35
3,10,2018,28
3,09,2018,58
3,08,2018,60
3,07,2018,88
3,06,2018,72
3,05,2018,71
3,04,2018,58
3,03,2018,19
3,02,2018,33
3,01,2018,95
2,28,2018,12
2,27,2018,10
2,26,2018,31
2,25,2018,63
2,24,2018,40
2,23,2018,51
2,22,2018,34
2,21,2018,42
2,20,2018,04
2,19,2018,16
2,18,2018,59
2,17,2018,13
2,16,2018,20
2,15,2018,24
2,14,2018,68
2,13,2018,12
2,12,2018,43
2,11,2018,06
2,10,2018,89
2,09,2018,79
2,08,2018,90
2,07,2018,33
2,06,2018,01
2,05,2018,13
2,04,2018,21
2,03,2018,97
2,02,2018,45
2,01,2018,14
1,31,2018,13
1,30,2018,52
1,29,2018,78
1,26,2018,23
1,24,2018,50
1,23,2018,38
1,22,2018,88
1,21,2018,63
1,20,2018,89
1,19,2018,25
1,18,2018,61
1,17,2018,22
1,16,2018,93
1,15,2018,99
1,14,2018,87
1,13,2018,09
1,12,2018,46
1,11,2018,99
1,10,2018,86
1,09,2018,51
1,08,2018,31
1,07,2018,89
1,06,2018,23
1,05,2018,47
1,04,2018,47
1,03,2018,93
1,02,2018,61
1,01,2018,92
12,31,2019,73
12,30,2019,43
12,29,2019,66
12,28,2019,34
12,27,2019,97
12,26,2019,10
12,25,2019,56
12,24,2019,39
12,23,2019,79
12,22,2019,61
12,21,2019,25
12,20,2019,82
12,19,2019,04
12,18,2019,87
12,17,2019,19
12,16,2019,04
12,15,2019,37
12,14,2019,85
12,09,2019,30
12,08,2019,75
12,07,2019,10
12,06,2019,49
12,05,2019,34
12,04,2019,09
12,03,2019,01
12,02,2019,96
12,01,2019,50
11,30,2019,43
11,29,2019,20
11,28,2019,40
11,27,2019,20
11,26,2019,27
11,25,2019,07
11,24,2019,89
11,23,2019,00
11,22,2019,50
11,21,2019,45
11,20,2019,26
11,19,2019,20
11,18,2019,21
11,17,2019,97
11,16,2019,18
11,15,2019,11
11,14,2019,11
11,13,2019,43
11,12,2019,83
11,11,2019,30
11,10,2019,45
11,09,2019,49
11,08,2019,54
11,07,2019,98
11,06,2019,84
11,05,2019,46
11,04,2019,20
11,03,2019,12
11,02,2019,81
11,01,2019,00
10,31,2019,38
10,30,2019,00
10,29,2019,59
10,28,2019,28
10,27,2019,26
10,26,2019,12
10,25,2019,11
10,24,2019,93
10,23,2019,95
10,22,2019,35
10,21,2019,37
10,20,2019,61
10,19,2019,09
10,18,2019,71
10,17,2019,49
10,16,2019,06
10,15,2019,96
10,14,2019,22
10,13,2019,99
10,12,2019,67
10,11,2019,51
10,10,2019,74
10,09,2019,09
10,08,2019,87
10,07,2019,05
10,06,2019,36
10,05,2019,70
10,04,2019,48
10,03,2019,14
10,02,2019,97
10,01,2019,22
9,30,2019,12
9,29,2019,89
9,28,2019,83
9,27,2019,53
9,26,2019,34
9,25,2019,01
9,24,2019,07
9,23,2019,59
9,22,2019,80
9,21,2019,04
9,20,2019,49
9,19,2019,61
9,18,2019,68
9,17,2019,38
9,16,2019,26
9,15,2019,35
9,14,2019,18
9,13,2019,69
9,12,2019,98
9,11,2019,82
9,10,2019,39
9,09,2019,93
9,08,2019,09
9,07,2019,78
9,06,2019,30
9,05,2019,44
9,04,2019,61
9,03,2019,49
9,02,2019,70
9,01,2019,11
8,31,2019,98
8,30,2019,53
8,29,2019,16
8,28,2019,85
8,27,2019,37
8,26,2019,92
8,25,2019,08
8,24,2019,85
8,23,2019,68
8,22,2019,50
8,21,2019,20
8,20,2019,13
8,19,2019,78
8,18,2019,34
8,17,2019,73
8,16,2019,67
8,15,2019,21
8,14,2019,63
8,13,2019,26
8,12,2019,35
8,11,2019,50
8,10,2019,89
8,09,2019,69
8,08,2019,63
8,07,2019,45
8,06,2019,29
8,05,2019,37
8,04,2019,39
8,03,2019,20
8,02,2019,74
8,01,2019,76
7,31,2019,67
7,30,2019,23
7,29,2019,01
7,28,2019,28
7,27,2019,72
7,26,2019,54
7,25,2019,63
7,24,2019,82
7,23,2019,32
7,22,2019,46
7,21,2019,24
7,20,2019,88
7,19,2019,31
7,18,2019,92
7,17,2019,89
7,16,2019,93
7,15,2019,56
7,14,2019,31
7,13,2019,03
7,12,2019,59
7,11,2019,13
7,10,2019,22
7,09,2019,51
7,08,2019,19
7,07,2019,80
7,06,2019,35
7,05,2019,88
7,04,2019,17
7,03,2019,07
7,02,2019,07
7,01,2019,28
6,30,2019,21
6,29,2019,92
6,28,2019,55
6,27,2019,62
6,26,2019,51
6,25,2019,27
6,24,2019,71
6,23,2019,54
6,22,2019,81
6,21,2019,72
6,20,2019,99
6,19,2019,28
6,18,2019,73
6,17,2019,02
6,16,2019,92
6,15,2019,88
6,14,2019,43
6,13,2019,52
6,12,2019,29
6,11,2019,90
6,10,2019,39
6,09,2019,19
6,08,2019,92
6,07,2019,49
6,06,2019,47
6,05,2019,81
6,04,2019,96
6,03,2019,45
6,02,2019,45
6,01,2019,03
5,31,2019,13
5,30,2019,49
5,29,2019,69
5,28,2019,88
5,27,2019,20
5,26,2019,25
5,25,2019,13
5,24,2019,18
5,23,2019,32
5,22,2019,70
5,21,2019,77
5,20,2019,37
5,19,2019,47
5,18,2019,82
5,17,2019,79
5,16,2019,92
5,15,2019,11
5,14,2019,85
5,13,2019,09
5,12,2019,12
5,11,2019,39
5,10,2019,17
5,09,2019,44
5,08,2019,77
5,07,2019,42
5,06,2019,41
5,05,2019,99
5,04,2019,92
5,03,2019,56
5,02,2019,04
5,01,2019,68
4,30,2019,05
4,29,2019,74
4,28,2019,64
4,27,2019,68
4,26,2019,61
4,25,2019,45
4,24,2019,82
4,23,2019,28
4,22,2019,11
4,21,2019,14
4,20,2019,48
4,19,2019,43
4,18,2019,69
4,17,2019,31
4,16,2019,17
4,15,2019,81
4,14,2019,38
4,13,2019,67
4,12,2019,07
4,11,2019,31
4,10,2019,42
4,09,2019,37
4,08,2019,89
4,07,2019,74
4,06,2019,87
4,05,2019,92
4,04,2019,41
4,03,2019,89
4,02,2019,20
4,01,2019,72
3,31,2019,19
3,30,2019,76
3,29,2019,59
3,28,2019,95
3,27,2019,30
3,26,2019,45
3,25,2019,75
3,24,2019,00
3,23,2019,55
3,22,2019,01
3,21,2019,01
3,20,2019,55
3,19,2019,09
3,18,2019,39
3,17,2019,93
3,16,2019,16
3,15,2019,74
3,14,2019,87
3,13,2019,21
3,12,2019,79
3,11,2019,09
3,10,2019,77
3,09,2019,27
3,08,2019,25
3,07,2019,33
3,06,2019,78
3,05,2019,69
3,04,2019,27
3,03,2019,24
3,02,2019,67
3,01,2019,91
2,28,2019,78
2,27,2019,34
2,26,2019,15
2,25,2019,99
2,24,2019,96
2,23,2019,03
2,22,2019,85
2,21,2019,08
2,20,2019,20
2,19,2019,52
2,18,2019,02
2,17,2019,08
2,16,2019,81
2,15,2019,73
2,14,2019,81
2,13,2019,45
2,12,2019,28
2,11,2019,30
2,10,2019,01
2,09,2019,82
2,08,2019,31
2,07,2019,88
2,06,2019,35
2,05,2019,75
2,04,2019,81
2,03,2019,58
2,02,2019,23
2,01,2019,12
1,31,2019,40
1,30,2019,41
1,29,2019,63
1,28,2019,22
1,27,2019,66
1,26,2019,01
1,25,2019,65
1,24,2019,12
1,23,2019,29
1,22,2019,69
1,21,2019,82
1,20,2019,41
1,19,2019,20
1,18,2019,88
1,17,2019,81
1,16,2019,59
1,15,2019,27
1,14,2019,82
1,13,2019,41
1,12,2019,28
1,11,2019,63
1,10,2019,76
1,09,2019,79
1,08,2019,51
1,07,2019,33
1,06,2019,59
1,05,2019,03
1,04,2019,69
1,03,2019,63
1,02,2019,98
1,01,2019,64
12,31,2020,05
12,30,2020,69
12,29,2020,62
12,28,2020,02
12,27,2020,94
12,26,2020,30
12,25,2020,09
12,24,2020,61
12,23,2020,28
12,22,2020,79
12,21,2020,56
12,20,2020,00
12,19,2020,65
12,18,2020,44
12,17,2020,99
12,16,2020,46
12,15,2020,75
12,14,2020,41
12,13,2020,70
12,12,2020,47
12,11,2020,37
12,10,2020,28
12,09,2020,50
12,08,2020,08
12,07,2020,33
12,06,2020,58
12,05,2020,48
12,04,2020,92
12,03,2020,74
12,02,2020,04
12,01,2020,28
11,30,2020,42
11,29,2020,91
11,28,2020,47
11,27,2020,00
11,26,2020,15
11,25,2020,02
11,24,2020,13
11,23,2020,25
11,22,2020,56
11,21,2020,73
11,20,2020,93
11,19,2020,79
11,18,2020,32
11,17,2020,48
11,16,2020,12
11,15,2020,67
11,14,2020,05
11,13,2020,21
11,12,2020,92
11,11,2020,51
11,10,2020,59
11,09,2020,51
11,08,2020,07
11,07,2020,82
11,06,2020,98
11,05,2020,10
11,04,2020,02
11,03,2020,79
11,01,2020,94
10,31,2020,29
10,30,2020,83
10,29,2020,97
10,28,2020,76
10,27,2020,21
10,26,2020,22
10,25,2020,92
10,24,2020,26
10,23,2020,75
10,22,2020,16
10,21,2020,72
10,20,2020,11
10,19,2020,72
10,18,2020,59
10,17,2020,50
10,16,2020,01
10,15,2020,52
10,14,2020,26
10,13,2020,22
10,12,2020,62
10,11,2020,03
10,10,2020,36
10,09,2020,67
10,08,2020,23
9,30,2020,34
9,29,2020,25
9,28,2020,55
9,27,2020,99
9,26,2020,07
9,25,2020,80
9,24,2020,05
9,23,2020,57
9,22,2020,61
9,21,2020,04
9,20,2020,81
9,19,2020,56
9,18,2020,50
9,17,2020,13
9,16,2020,63
9,15,2020,12
9,14,2020,53
9,13,2020,41
9,12,2020,56
9,11,2020,22
9,10,2020,73
9,09,2020,42
9,08,2020,99
9,07,2020,37
9,06,2020,10
9,05,2020,04
9,04,2020,71
9,03,2020,03
9,02,2020,98
9,01,2020,80
8,31,2020,79
8,30,2020,35
8,29,2020,31
8,28,2020,07
8,27,2020,94
8,26,2020,19
8,25,2020,11
8,24,2020,44
8,23,2020,06
8,22,2020,08
8,21,2020,81
8,20,2020,86
8,19,2020,50
8,18,2020,12
8,17,2020,79
8,16,2020,83
8,15,2020,49
8,14,2020,63
8,13,2020,40
8,12,2020,64
8,11,2020,52
8,10,2020,01
8,09,2020,00
8,08,2020,01
8,07,2020,42
8,06,2020,99
8,05,2020,91
8,04,2020,85
8,03,2020,45
8,02,2020,94
8,01,2020,78
7,31,2020,96
7,30,2020,82
7,29,2020,93
7,28,2020,99
7,27,2020,70
7,26,2020,99
7,25,2020,64
7,24,2020,38
7,23,2020,66
7,22,2020,13
7,21,2020,11
7,16,2020,18
7,15,2020,00
7,14,2020,70
7,13,2020,97
7,12,2020,77
7,11,2020,46
7,10,2020,58
7,09,2020,61
7,08,2020,81
7,07,2020,27
7,06,2020,74
7,05,2020,05
7,04,2020,73
7,03,2020,85
7,02,2020,12
7,01,2020,61
6,30,2020,54
6,29,2020,56
6,28,2020,90
6,27,2020,22
6,26,2020,77
6,25,2020,57
6,24,2020,76
6,23,2020,87
6,22,2020,04
6,21,2020,98
6,20,2020,59
6,19,2020,58
6,18,2020,28
6,17,2020,09
6,16,2020,39
6,15,2020,86
6,14,2020,22
6,13,2020,78
6,12,2020,20
6,11,2020,53
6,10,2020,58
6,09,2020,89
6,08,2020,80
6,07,2020,79
6,06,2020,43
6,05,2020,02
6,04,2020,22
6,03,2020,84
6,02,2020,39
6,01,2020,22
5,31,2020,13
5,30,2020,14
5,29,2020,76
5,28,2020,54
5,27,2020,78
5,26,2020,51
5,25,2020,58
5,24,2020,57
5,23,2020,50
5,22,2020,59
5,21,2020,88
5,20,2020,23
5,19,2020,85
5,18,2020,87
5,17,2020,50
5,16,2020,89
5,15,2020,51
5,14,2020,32
5,13,2020,94
5,12,2020,70
5,11,2020,53
5,10,2020,52
5,09,2020,39
5,08,2020,71
5,07,2020,38
5,06,2020,92
5,05,2020,88
5,04,2020,04
5,03,2020,82
4,27,2020,64
4,26,2020,71
4,25,2020,19
4,24,2020,55
4,23,2020,13
4,22,2020,26
4,21,2020,07
4,20,2020,01
4,19,2020,46
4,18,2020,06
4,17,2020,92
4,16,2020,36
4,15,2020,16
4,14,2020,99
4,13,2020,91
4,12,2020,01
4,11,2020,12
4,10,2020,29
4,09,2020,86
4,08,2020,17
4,07,2020,14
4,06,2020,52
4,05,2020,64
4,04,2020,26
4,03,2020,74
4,02,2020,13
4,01,2020,27
3,31,2020,57
3,30,2020,45
3,29,2020,34
3,28,2020,44
3,27,2020,67
3,26,2020,60
3,25,2020,42
3,24,2020,34
3,23,2020,11
3,22,2020,15
3,21,2020,72
3,20,2020,78
3,19,2020,44
3,18,2020,15
3,17,2020,31
3,16,2020,57
3,15,2020,18
3,14,2020,28
3,13,2020,50
3,12,2020,45
3,11,2020,29
3,10,2020,16
3,09,2020,76
3,08,2020,75
3,07,2020,73
3,06,2020,05
3,05,2020,27
3,04,2020,11
3,03,2020,73
3,02,2020,27
3,01,2020,28
2,29,2020,18
2,28,2020,45
2,27,2020,35
2,26,2020,74
2,25,2020,01
2,24,2020,18
2,23,2020,83
2,22,2020,67
2,21,2020,72
2,20,2020,51
2,19,2020,55
2,18,2020,85
2,17,2020,97
2,16,2020,54
2,15,2020,99
2,14,2020,93
2,13,2020,02
2,12,2020,99
2,11,2020,68
2,10,2020,55
2,09,2020,52
2,08,2020,39
2,07,2020,79
2,06,2020,54
2,05,2020,46
2,04,2020,27
2,03,2020,29
2,02,2020,28
2,01,2020,79
1,31,2020,95
1,30,2020,10
1,29,2020,93
1,28,2020,06
1,27,2020,28
1,26,2020,73
1,25,2020,30
1,24,2020,76
1,23,2020,05
1,22,2020,00
1,21,2020,70
1,20,2020,34
1,19,2020,43
1,18,2020,33
1,17,2020,07
1,16,2020,18
1,15,2020,10
1,14,2020,15
1,13,2020,15
1,12,2020,35
1,11,2020,35
1,10,2020,32
1,09,2020,76
1,08,2020,18
1,07,2020,70
1,06,2020,30
1,05,2020,53
1,04,2020,22
1,03,2020,90
1,02,2020,95
1,01,2020,21
12,31,2021,14
12,30,2021,58
12,29,2021,57
12,28,2021,34
12,27,2021,44
12,26,2021,27
12,25,2021,15
12,24,2021,81
12,23,2021,34
12,22,2021,21
12,21,2021,77
12,20,2021,02
12,19,2021,84
12,18,2021,11
12,17,2021,12
12,16,2021,22
12,15,2021,21
12,14,2021,34
12,13,2021,66
12,12,2021,04
12,11,2021,20
12,10,2021,34
12,09,2021,56
12,08,2021,97
12,07,2021,23
12,06,2021,53
12,05,2021,65
12,04,2021,41
12,03,2021,68
12,02,2021,47
12,01,2021,60
11,30,2021,98
11,29,2021,39
11,28,2021,18
11,27,2021,38
11,26,2021,81
11,25,2021,42
11,24,2021,88
11,23,2021,01
11,22,2021,18
11,21,2021,47
11,20,2021,55
11,19,2021,64
11,18,2021,22
11,17,2021,73
11,16,2021,07
11,15,2021,60
11,14,2021,40
11,13,2021,59
11,12,2021,22
11,11,2021,34
11,10,2021,03
11,09,2021,82
11,08,2021,76
11,07,2021,21
11,06,2021,70
11,05,2021,45
11,04,2021,16
11,03,2021,25
11,02,2021,43
11,01,2021,90
10,31,2021,12
10,30,2021,29
10,29,2021,20
10,28,2021,47
10,27,2021,58
10,26,2021,69
10,25,2021,30
10,24,2021,68
10,23,2021,29
10,22,2021,84
10,21,2021,05
10,20,2021,97
10,19,2021,99
10,18,2021,01
10,17,2021,77
10,16,2021,88
10,15,2021,92
10,14,2021,64
10,13,2021,91
10,12,2021,35
10,11,2021,27
10,10,2021,66
10,09,2021,29
10,08,2021,97
10,07,2021,99
10,06,2021,93
10,05,2021,26
10,04,2021,53
10,03,2021,96
10,02,2021,22
10,01,2021,97
9,30,2021,77
9,29,2021,76
9,28,2021,87
9,27,2021,26
9,26,2021,90
9,25,2021,04
9,24,2021,36
9,23,2021,71
9,22,2021,74
9,21,2021,13
9,20,2021,40
9,19,2021,05
9,18,2021,29
9,17,2021,80
9,16,2021,68
9,15,2021,35
9,14,2021,82
9,13,2021,82
9,12,2021,20
9,11,2021,58
9,10,2021,93
9,09,2021,10
9,08,2021,11
9,07,2021,00
9,06,2021,06
9,05,2021,56
9,04,2021,75
9,03,2021,27
9,02,2021,88
9,01,2021,11
8,31,2021,37
8,30,2021,08
8,29,2021,85
8,28,2021,47
8,27,2021,78
8,26,2021,63
8,25,2021,12
8,24,2021,91
8,23,2021,35
8,22,2021,39
8,21,2021,45
8,20,2021,21
8,19,2021,49
8,18,2021,05
8,17,2021,57
8,16,2021,24
8,15,2021,00
8,14,2021,99
8,13,2021,22
8,12,2021,53
8,11,2021,99
8,10,2021,29
8,09,2021,94
8,08,2021,13
8,07,2021,56
8,06,2021,66
8,05,2021,68
8,04,2021,47
8,03,2021,04
8,02,2021,32
8,01,2021,85
7,31,2021,96
7,30,2021,00
7,29,2021,14
7,28,2021,44
7,27,2021,47
7,26,2021,30
7,25,2021,61
7,24,2021,71
7,23,2021,41
7,22,2021,73
7,21,2021,16
7,20,2021,01
7,19,2021,39
7,18,2021,74
7,17,2021,04
7,16,2021,01
7,15,2021,60
7,14,2021,91
7,13,2021,83
7,12,2021,05
7,11,2021,32
7,10,2021,52
7,09,2021,06
7,08,2021,45
7,07,2021,50
7,06,2021,33
7,05,2021,60
7,04,2021,10
7,03,2021,33
7,02,2021,71
7,01,2021,72
6,30,2021,36
6,29,2021,68
6,28,2021,96
6,27,2021,07
6,26,2021,85
6,25,2021,03
6,24,2021,88
6,23,2021,91
6,22,2021,07
6,21,2021,71
6,20,2021,87
6,19,2021,13
6,18,2021,64
6,17,2021,52
6,16,2021,10
6,15,2021,34
6,14,2021,41
6,13,2021,40
6,12,2021,22
6,11,2021,15
6,10,2021,00
6,09,2021,34
6,08,2021,15
6,07,2021,61
6,06,2021,29
6,05,2021,31
6,04,2021,22
6,03,2021,19
6,02,2021,99
6,01,2021,88
5,31,2021,38
5,30,2021,99
5,29,2021,83
5,28,2021,26
5,27,2021,33
5,26,2021,28
5,25,2021,86
5,24,2021,15
5,23,2021,85
5,22,2021,20
5,21,2021,33
5,20,2021,74
5,19,2021,67
5,18,2021,42
5,17,2021,51
5,16,2021,01
5,15,2021,21
5,14,2021,83
5,13,2021,40
5,12,2021,20
5,11,2021,96
5,10,2021,82
5,09,2021,13
5,08,2021,54
5,07,2021,59
5,06,2021,18
5,05,2021,98
5,04,2021,42
5,03,2021,25
5,02,2021,83
5,01,2021,79
4,30,2021,77
4,29,2021,19
4,28,2021,92
4,27,2021,26
4,26,2021,12
4,25,2021,55
4,24,2021,69
4,23,2021,42
4,22,2021,24
4,21,2021,68
4,20,2021,26
4,19,2021,77
4,18,2021,78
4,17,2021,12
4,16,2021,83
4,15,2021,74
4,14,2021,35
4,13,2021,56
4,12,2021,83
4,11,2021,77
4,10,2021,55
4,09,2021,66
4,08,2021,38
4,07,2021,72
4,06,2021,76
4,05,2021,62
4,04,2021,75
4,03,2021,81
4,02,2021,46
4,01,2021,99
3,31,2021,98
3,30,2021,43
3,29,2021,53
3,28,2021,40
3,27,2021,81
3,26,2021,88
3,25,2021,36
3,24,2021,95
3,23,2021,36
3,22,2021,52
3,21,2021,44
3,20,2021,91
3,19,2021,49
3,18,2021,49
3,17,2021,17
3,16,2021,66
3,15,2021,49
3,14,2021,26
3,13,2021,05
3,12,2021,02
3,11,2021,29
3,10,2021,60
3,09,2021,84
3,08,2021,02
3,07,2021,16
3,06,2021,04
3,05,2021,83
3,04,2021,61
3,03,2021,22
3,02,2021,62
3,01,2021,88
2,28,2021,23
2,27,2021,18
2,26,2021,83
2,25,2021,57
2,24,2021,01
2,23,2021,39
2,22,2021,41
2,21,2021,13
2,20,2021,24
2,19,2021,31
2,18,2021,42
2,17,2021,03
2,16,2021,73
2,15,2021,56
2,14,2021,89
2,13,2021,59
2,12,2021,85
2,11,2021,71
2,10,2021,86
2,09,2021,86
2,08,2021,66
2,07,2021,51
2,06,2021,43
2,05,2021,34
2,04,2021,50
2,03,2021,17
2,02,2021,63
2,01,2021,53
1,31,2021,16
1,30,2021,17
1,29,2021,50
1,28,2021,87
1,27,2021,98
1,26,2021,46
1,25,2021,45
1,24,2021,50
1,23,2021,13
1,22,2021,16
1,21,2021,79
1,20,2021,02
1,19,2021,47
1,18,2021,93
1,17,2021,92
1,16,2021,00
1,15,2021,24
1,14,2021,38
1,13,2021,12
1,12,2021,16
1,11,2021,97
1,10,2021,77
1,09,2021,19
1,08,2021,47
1,07,2021,68
1,06,2021,61
1,05,2021,83
1,04,2021,81
1,03,2021,58
1,02,2021,29
1,01,2021,68
12,31,2012,36
12,30,2012,27
12,29,2012,14
12,28,2012,55
12,27,2012,03
12,26,2012,69
12,25,2012,94
12,24,2012,51
12,23,2012,58
12,22,2012,15
12,21,2012,86
12,20,2012,31
12,19,2012,16
12,18,2012,83
12,17,2012,65
12,16,2012,99
12,15,2012,24
12,14,2012,54
12,13,2012,38
12,12,2012,53
12,11,2012,17
12,10,2012,87
12,09,2012,27
12,08,2012,17
12,07,2012,24
12,06,2012,21
12,05,2012,58
12,04,2012,27
12,03,2012,65
12,02,2012,34
12,01,2012,61
11,30,2012,70
11,29,2012,65
11,28,2012,64
11,27,2012,00
11,26,2012,80
11,25,2012,49
11,24,2012,06
11,23,2012,94
11,22,2012,90
11,21,2012,47
11,20,2012,48
11,19,2012,58
11,18,2012,70
11,17,2012,65
11,16,2012,80
11,15,2012,14
11,14,2012,80
11,13,2012,37
11,12,2012,30
11,11,2012,62
11,10,2012,92
11,09,2012,67
11,08,2012,31
11,07,2012,62
11,06,2012,90
11,05,2012,06
11,04,2012,45
11,03,2012,68
11,02,2012,56
11,01,2012,62
10,31,2012,54
10,30,2012,31
10,29,2012,13
10,28,2012,81
10,27,2012,36
10,26,2012,49
10,25,2012,51
10,24,2012,73
10,23,2012,32
10,22,2012,56
10,21,2012,42
10,20,2012,26
10,19,2012,55
10,18,2012,46
10,17,2012,55
10,16,2012,38
10,15,2012,22
10,14,2012,49
10,13,2012,86
10,12,2012,95
10,11,2012,71
10,10,2012,63
10,09,2012,35
10,08,2012,28
10,07,2012,03
10,06,2012,20
10,05,2012,24
10,04,2012,68
10,03,2012,88
10,02,2012,27
10,01,2012,16
9,30,2012,40
9,29,2012,01
9,28,2012,41
9,27,2012,41
9,26,2012,56
9,25,2012,23
9,24,2012,10
9,23,2012,30
9,22,2012,18
9,21,2012,08
9,20,2012,41
9,19,2012,59
9,18,2012,23
9,17,2012,00
9,16,2012,94
9,15,2012,14
9,14,2012,38
9,13,2012,00
9,12,2012,66
9,11,2012,89
9,10,2012,17
9,09,2012,30
9,08,2012,38
9,07,2012,53
9,06,2012,52
9,05,2012,39
9,04,2012,75
9,03,2012,66
9,02,2012,45
9,01,2012,55
8,31,2012,72
8,30,2012,38
8,29,2012,06
8,28,2012,01
8,27,2012,90
8,26,2012,00
8,25,2012,13
8,24,2012,74
8,23,2012,58
8,22,2012,11
8,21,2012,18
8,20,2012,11
8,19,2012,48
8,18,2012,15
8,17,2012,73
8,16,2012,05
8,15,2012,53
8,14,2012,77
8,13,2012,02
8,12,2012,40
8,11,2012,30
8,10,2012,98
8,09,2012,44
8,08,2012,95
8,07,2012,50
8,06,2012,00
8,05,2012,78
8,04,2012,32
8,03,2012,61
8,02,2012,93
8,01,2012,90
7,31,2012,45
7,30,2012,67
7,29,2012,93
7,28,2012,50
7,27,2012,59
7,26,2012,74
7,25,2012,94
7,24,2012,62
7,23,2012,73
7,22,2012,35
7,21,2012,93
7,20,2012,96
7,19,2012,36
7,18,2012,14
7,17,2012,07
7,16,2012,72
7,15,2012,35
7,14,2012,24
7,13,2012,09
7,12,2012,16
7,11,2012,10
7,10,2012,17
7,09,2012,30
7,08,2012,22
7,07,2012,57
7,06,2012,63
7,05,2012,90
7,04,2012,25
7,03,2012,78
7,02,2012,85
7,01,2012,06
6,30,2012,85
6,29,2012,27
6,28,2012,27
6,27,2012,67
6,26,2012,50
6,25,2012,96
6,24,2012,50
6,23,2012,16
6,22,2012,63
6,21,2012,65
6,20,2012,86
6,19,2012,91
6,18,2012,25
6,17,2012,58
6,16,2012,38
6,15,2012,65
6,14,2012,77
6,13,2012,55
6,12,2012,76
6,11,2012,50
6,10,2012,19
6,09,2012,83
6,08,2012,03
6,07,2012,53
6,06,2012,57
6,05,2012,40
12,31,2013,28
12,30,2013,42
12,29,2013,85
12,28,2013,52
12,27,2013,13
12,26,2013,73
12,25,2013,12
12,24,2013,77
12,23,2013,81
12,22,2013,64
12,21,2013,22
12,20,2013,23
12,19,2013,80
12,18,2013,90
12,17,2013,60
12,16,2013,68
12,15,2013,22
12,14,2013,81
12,13,2013,32
12,12,2013,05
12,11,2013,44
12,10,2013,34
12,09,2013,44
12,08,2013,90
12,07,2013,06
12,06,2013,80
12,05,2013,54
12,04,2013,01
12,03,2013,36
12,02,2013,39
12,01,2013,19
11,30,2013,48
11,29,2013,67
11,28,2013,73
11,27,2013,92
11,26,2013,15
11,25,2013,68
11,24,2013,31
11,23,2013,63
11,22,2013,69
11,21,2013,49
11,20,2013,10
11,19,2013,43
11,18,2013,39
11,17,2013,71
11,16,2013,49
11,15,2013,37
11,14,2013,30
11,13,2013,15
11,12,2013,05
11,11,2013,25
11,10,2013,93
11,09,2013,80
11,08,2013,67
11,07,2013,77
11,06,2013,06
11,05,2013,53
11,04,2013,22
11,03,2013,33
11,02,2013,48
11,01,2013,56
10,31,2013,45
10,30,2013,49
10,29,2013,86
10,28,2013,59
10,27,2013,21
10,26,2013,22
10,25,2013,61
10,24,2013,90
10,23,2013,00
10,22,2013,93
10,21,2013,71
10,20,2013,74
10,19,2013,61
10,18,2013,81
10,17,2013,68
10,16,2013,26
10,15,2013,72
10,14,2013,31
10,13,2013,28
10,12,2013,85
10,11,2013,85
10,10,2013,85
10,09,2013,64
10,08,2013,25
10,07,2013,92
10,06,2013,60
10,05,2013,01
10,04,2013,69
10,03,2013,70
10,02,2013,14
10,01,2013,73
9,30,2013,59
9,29,2013,50
9,28,2013,43
9,27,2013,51
9,26,2013,20
9,25,2013,55
9,24,2013,95
9,23,2013,98
9,22,2013,24
9,21,2013,26
9,20,2013,55
9,19,2013,07
9,18,2013,27
9,17,2013,58
9,16,2013,01
9,15,2013,40
9,14,2013,41
9,13,2013,80
9,12,2013,71
9,11,2013,66
9,10,2013,59
9,09,2013,35
9,08,2013,37
9,07,2013,68
9,06,2013,46
9,05,2013,89
9,04,2013,97
9,03,2013,93
9,02,2013,41
9,01,2013,94
8,31,2013,46
8,30,2013,78
8,29,2013,36
8,28,2013,25
8,27,2013,20
8,26,2013,63
8,25,2013,43
8,24,2013,29
8,23,2013,29
8,22,2013,88
8,21,2013,02
8,20,2013,86
8,19,2013,27
8,18,2013,38
8,17,2013,04
8,16,2013,63
8,15,2013,26
8,14,2013,50
8,13,2013,60
8,12,2013,09
8,11,2013,14
8,10,2013,50
8,09,2013,23
8,08,2013,34
8,07,2013,91
8,06,2013,64
8,05,2013,39
8,04,2013,35
8,03,2013,31
8,02,2013,46
8,01,2013,53
7,31,2013,77
7,30,2013,47
7,29,2013,81
7,28,2013,67
7,27,2013,15
7,26,2013,79
7,25,2013,96
7,24,2013,61
7,23,2013,01
7,22,2013,27
7,21,2013,04
7,20,2013,21
7,19,2013,42
7,18,2013,19
7,17,2013,39
7,16,2013,29
7,15,2013,41
7,14,2013,04
7,13,2013,77
7,12,2013,41
7,11,2013,82
7,10,2013,40
7,09,2013,68
7,08,2013,56
7,07,2013,02
7,06,2013,57
7,05,2013,74
7,04,2013,32
7,03,2013,05
7,02,2013,02
7,01,2013,29
6,30,2013,76
6,29,2013,12
6,28,2013,53
6,27,2013,48
6,26,2013,68
6,25,2013,79
6,24,2013,05
6,23,2013,78
6,22,2013,65
6,21,2013,13
6,20,2013,58
6,19,2013,96
6,18,2013,22
6,17,2013,44
6,16,2013,39
6,15,2013,51
6,14,2013,83
6,13,2013,33
6,12,2013,86
6,11,2013,32
6,10,2013,18
6,09,2013,75
6,08,2013,48
6,07,2013,25
6,06,2013,34
6,05,2013,34
6,04,2013,25
6,03,2013,59
6,02,2013,14
6,01,2013,55
5,31,2013,60
5,30,2013,61
5,29,2013,27
5,28,2013,16
5,27,2013,32
5,26,2013,16
5,25,2013,54
5,24,2013,34
5,23,2013,85
5,22,2013,52
5,21,2013,87
5,20,2013,27
5,19,2013,30
5,18,2013,04
5,17,2013,20
5,16,2013,34
5,15,2013,77
5,14,2013,69
5,13,2013,89
5,12,2013,47
5,11,2013,26
5,10,2013,07
5,09,2013,58
5,08,2013,95
5,07,2013,57
5,06,2013,13
5,05,2013,50
5,04,2013,53
5,03,2013,89
5,02,2013,57
5,01,2013,79
4,30,2013,65
4,29,2013,02
4,28,2013,05
4,27,2013,28
4,26,2013,63
4,25,2013,77
4,24,2013,68
4,23,2013,63
4,22,2013,82
4,21,2013,32
4,20,2013,89
4,19,2013,91
4,18,2013,22
4,17,2013,60
4,16,2013,28
4,15,2013,02
4,14,2013,11
4,13,2013,60
4,12,2013,01
4,11,2013,57
4,10,2013,26
4,09,2013,09
4,08,2013,59
4,07,2013,15
4,06,2013,26
4,05,2013,88
4,04,2013,56
4,03,2013,00
4,02,2013,57
4,01,2013,17
3,31,2013,77
3,30,2013,67
3,29,2013,94
3,28,2013,39
3,27,2013,52
3,26,2013,27
3,25,2013,14
3,24,2013,16
3,23,2013,35
3,22,2013,16
3,21,2013,31
3,20,2013,57
3,19,2013,58
3,18,2013,03
3,17,2013,18
3,16,2013,67
3,15,2013,76
3,14,2013,23
3,13,2013,61
3,12,2013,68
3,11,2013,32
3,10,2013,65
3,09,2013,18
3,08,2013,55
3,07,2013,41
3,06,2013,36
3,05,2013,93
3,04,2013,39
3,03,2013,58
3,02,2013,16
3,01,2013,65
2,28,2013,71
2,27,2013,57
2,26,2013,49
2,25,2013,99
2,24,2013,25
2,23,2013,85
2,22,2013,46
2,21,2013,22
2,20,2013,53
2,19,2013,03
2,18,2013,84
2,17,2013,56
2,16,2013,56
2,15,2013,82
2,14,2013,88
2,13,2013,31
2,12,2013,99
2,11,2013,16
2,10,2013,30
2,09,2013,26
2,08,2013,20
2,07,2013,55
2,06,2013,31
2,05,2013,10
2,04,2013,15
2,03,2013,06
2,02,2013,57
2,01,2013,80
1,31,2013,75
1,30,2013,09
1,29,2013,47
1,28,2013,37
1,27,2013,53
1,26,2013,64
1,25,2013,38
1,24,2013,83
1,23,2013,70
1,22,2013,32
1,21,2013,39
1,20,2013,04
1,19,2013,33
1,18,2013,99
1,17,2013,06
1,16,2013,15
1,15,2013,42
1,14,2013,23
1,13,2013,29
1,12,2013,08
1,11,2013,68
1,10,2013,80
1,09,2013,83
1,08,2013,29
1,07,2013,48
1,06,2013,58
1,05,2013,43
1,04,2013,81
1,03,2013,05
1,02,2013,96
1,01,2013,77
12,31,2014,85
12,30,2014,03
12,29,2014,75
12,28,2014,21
12,27,2014,28
12,26,2014,68
12,25,2014,14
12,24,2014,31
12,23,2014,46
12,22,2014,12
12,21,2014,50
12,20,2014,93
12,19,2014,53
12,18,2014,99
12,17,2014,01
12,16,2014,28
12,15,2014,45
12,14,2014,63
12,13,2014,12
12,12,2014,35
12,11,2014,17
12,10,2014,08
12,09,2014,77
12,08,2014,62
12,07,2014,01
12,06,2014,22
12,05,2014,43
12,04,2014,19
12,03,2014,10
12,02,2014,13
12,01,2014,74
11,30,2014,83
11,29,2014,30
11,28,2014,48
11,27,2014,43
11,26,2014,56
11,25,2014,93
11,24,2014,72
11,23,2014,20
11,22,2014,15
11,21,2014,47
11,20,2014,14
11,19,2014,18
11,18,2014,21
11,17,2014,14
11,16,2014,93
11,15,2014,22
11,14,2014,77
11,13,2014,43
11,12,2014,75
11,11,2014,89
11,10,2014,57
11,09,2014,17
11,08,2014,97
11,07,2014,34
11,06,2014,04
11,05,2014,92
11,04,2014,45
11,03,2014,66
11,02,2014,09
11,01,2014,22
10,31,2014,60
10,30,2014,74
10,29,2014,27
10,28,2014,99
10,27,2014,19
10,26,2014,06
10,25,2014,20
10,24,2014,91
10,23,2014,96
10,22,2014,42
10,21,2014,74
10,20,2014,66
10,19,2014,44
10,18,2014,65
10,17,2014,64
10,16,2014,63
10,15,2014,89
10,14,2014,55
10,13,2014,05
10,12,2014,26
10,11,2014,62
10,10,2014,69
10,09,2014,28
10,08,2014,80
10,07,2014,13
10,06,2014,53
10,05,2014,31
10,04,2014,09
10,03,2014,92
10,02,2014,14
10,01,2014,24
9,30,2014,10
9,29,2014,44
9,28,2014,07
9,27,2014,56
9,26,2014,21
9,25,2014,94
9,24,2014,61
9,23,2014,11
9,22,2014,38
9,21,2014,69
9,20,2014,87
9,19,2014,58
9,18,2014,69
9,17,2014,31
9,16,2014,20
9,15,2014,82
9,14,2014,46
9,13,2014,11
9,12,2014,58
9,11,2014,79
9,10,2014,10
9,09,2014,12
9,08,2014,13
9,07,2014,73
9,06,2014,92
9,05,2014,67
9,04,2014,40
9,03,2014,49
9,02,2014,15
9,01,2014,29
8,31,2014,55
8,30,2014,85
8,29,2014,25
8,28,2014,33
8,27,2014,20
8,26,2014,72
8,25,2014,30
8,24,2014,65
8,23,2014,29
8,22,2014,70
8,21,2014,94
8,20,2014,46
8,19,2014,75
8,18,2014,62
8,17,2014,43
8,16,2014,23
8,15,2014,58
8,14,2014,03
8,13,2014,40
8,12,2014,81
8,11,2014,24
8,10,2014,90
8,09,2014,52
8,08,2014,10
8,07,2014,93
8,06,2014,27
8,05,2014,72
8,04,2014,50
8,03,2014,13
8,02,2014,81
8,01,2014,17
7,31,2014,51
7,30,2014,97
7,29,2014,90
7,28,2014,55
7,27,2014,92
7,26,2014,53
7,25,2014,12
7,24,2014,28
7,23,2014,49
7,22,2014,53
7,21,2014,15
7,20,2014,68
7,19,2014,34
7,18,2014,97
7,17,2014,49
7,16,2014,21
7,15,2014,89
7,14,2014,04
7,13,2014,26
7,12,2014,23
7,11,2014,31
7,10,2014,32
7,09,2014,92
7,08,2014,29
7,07,2014,74
7,06,2014,83
7,05,2014,31
7,04,2014,36
7,03,2014,57
7,02,2014,34
7,01,2014,94
6,30,2014,53
6,29,2014,46
6,28,2014,27
6,27,2014,52
6,26,2014,23
6,25,2014,02
6,24,2014,81
6,23,2014,64
6,22,2014,72
6,21,2014,72
6,20,2014,57
6,19,2014,03
6,18,2014,07
6,17,2014,69
6,16,2014,59
6,15,2014,31
6,14,2014,90
6,13,2014,46
6,12,2014,88
6,11,2014,55
6,10,2014,18
6,09,2014,23
6,08,2014,44
6,07,2014,63
6,06,2014,90
6,05,2014,68
6,04,2014,44
6,03,2014,52
6,02,2014,86
6,01,2014,82
5,31,2014,40
5,30,2014,50
5,29,2014,21
5,28,2014,53
5,27,2014,32
5,26,2014,63
5,25,2014,77
5,24,2014,57
5,23,2014,86
5,22,2014,45
5,21,2014,47
5,20,2014,74
5,19,2014,68
5,18,2014,80
5,17,2014,03
5,16,2014,92
5,15,2014,99
5,14,2014,05
5,13,2014,84
5,12,2014,02
5,11,2014,89
5,10,2014,42
5,09,2014,79
5,08,2014,32
5,07,2014,25
5,06,2014,69
5,05,2014,93
5,04,2014,42
5,03,2014,40
5,02,2014,18
5,01,2014,82
4,30,2014,85
4,29,2014,37
4,28,2014,04
4,27,2014,47
4,26,2014,17
4,25,2014,23
4,24,2014,08
4,23,2014,67
4,22,2014,07
4,21,2014,82
4,20,2014,41
4,19,2014,03
4,18,2014,87
4,17,2014,30
4,16,2014,55
4,15,2014,93
4,14,2014,08
4,13,2014,23
4,12,2014,94
4,11,2014,59
4,10,2014,77
4,09,2014,25
4,08,2014,38
4,07,2014,69
4,06,2014,12
4,05,2014,93
4,04,2014,05
4,03,2014,06
4,02,2014,06
4,01,2014,88
3,31,2014,88
3,30,2014,70
3,29,2014,79
3,28,2014,16
3,27,2014,35
3,26,2014,57
3,25,2014,93
3,24,2014,28
3,23,2014,59
3,22,2014,95
3,21,2014,54
3,20,2014,35
3,19,2014,03
3,18,2014,57
3,17,2014,26
3,16,2014,19
3,15,2014,85
3,14,2014,32
3,13,2014,50
3,12,2014,18
3,11,2014,05
3,10,2014,74
3,09,2014,62
3,08,2014,01
3,07,2014,46
3,06,2014,21
3,05,2014,08
3,04,2014,55
3,03,2014,99
3,02,2014,70
3,01,2014,51
2,28,2014,77
2,27,2014,51
2,26,2014,09
2,25,2014,05
2,24,2014,54
2,23,2014,21
2,22,2014,54
2,21,2014,64
2,20,2014,26
2,19,2014,74
2,18,2014,70
2,17,2014,49
2,16,2014,20
2,15,2014,52
2,14,2014,37
2,13,2014,64
2,12,2014,56
2,11,2014,38
2,10,2014,35
2,09,2014,43
2,08,2014,84
2,07,2014,72
2,06,2014,04
2,05,2014,54
2,04,2014,52
2,03,2014,77
2,02,2014,69
2,01,2014,50
1,31,2014,90
1,30,2014,50
1,29,2014,01
1,28,2014,07
1,27,2014,34
1,26,2014,93
1,25,2014,37
1,24,2014,61
1,23,2014,07
1,22,2014,33
1,21,2014,51
1,20,2014,18
1,19,2014,40
1,18,2014,36
1,17,2014,54
1,16,2014,05
1,15,2014,36
1,14,2014,61
1,13,2014,62
1,12,2014,93
1,11,2014,11
1,10,2014,15
1,09,2014,31
1,08,2014,39
1,07,2014,92
1,06,2014,61
1,05,2014,33
1,04,2014,56
1,03,2014,70
1,02,2014,53
1,01,2014,60
12,31,2015,35
12,30,2015,92
12,29,2015,20
12,28,2015,13
12,27,2015,11
12,26,2015,39
12,25,2015,10
12,24,2015,95
12,23,2015,65
12,22,2015,55
12,21,2015,60
12,20,2015,62
12,19,2015,56
12,18,2015,87
12,17,2015,90
12,16,2015,82
12,15,2015,47
12,14,2015,15
12,13,2015,86
12,12,2015,03
12,11,2015,45
12,10,2015,90
12,09,2015,69
12,08,2015,62
12,07,2015,99
12,06,2015,02
12,05,2015,22
12,04,2015,77
12,03,2015,97
12,02,2015,66
12,01,2015,13
11,30,2015,38
11,29,2015,11
11,28,2015,95
11,27,2015,66
11,26,2015,06
11,25,2015,01
11,24,2015,45
11,23,2015,90
11,22,2015,38
11,21,2015,23
11,20,2015,92
11,19,2015,22
11,18,2015,69
11,17,2015,82
11,16,2015,28
11,15,2015,49
11,14,2015,84
11,13,2015,83
11,12,2015,41
11,11,2015,03
11,10,2015,97
11,09,2015,42
11,08,2015,14
11,07,2015,47
11,06,2015,95
11,05,2015,28
11,04,2015,81
11,03,2015,67
11,02,2015,43
11,01,2015,46
10,31,2015,96
10,30,2015,85
10,29,2015,26
10,28,2015,16
10,27,2015,99
10,26,2015,03
10,25,2015,82
10,24,2015,55
10,23,2015,35
10,22,2015,99
10,21,2015,28
10,20,2015,92
10,19,2015,77
10,18,2015,40
10,17,2015,59
10,16,2015,21
10,15,2015,29
10,14,2015,81
10,13,2015,17
10,12,2015,48
10,11,2015,40
10,10,2015,79
10,09,2015,91
10,08,2015,22
10,07,2015,07
10,06,2015,04
10,05,2015,06
10,04,2015,91
10,03,2015,39
10,02,2015,82
10,01,2015,13
9,30,2015,07
9,29,2015,27
9,28,2015,31
9,27,2015,78
9,26,2015,10
9,25,2015,03
9,24,2015,01
9,23,2015,69
9,22,2015,44
9,21,2015,96
9,20,2015,89
9,19,2015,91
9,18,2015,69
9,17,2015,78
9,16,2015,19
9,15,2015,93
9,14,2015,50
9,13,2015,54
9,12,2015,01
9,11,2015,79
9,10,2015,69
9,09,2015,16
9,08,2015,44
9,07,2015,31
9,06,2015,03
9,05,2015,76
9,04,2015,98
9,03,2015,79
9,02,2015,41
9,01,2015,10
8,31,2015,54
8,30,2015,93
8,29,2015,16
8,28,2015,53
8,27,2015,25
8,26,2015,58
8,25,2015,59
8,24,2015,23
8,23,2015,75
8,22,2015,23
8,21,2015,90
8,20,2015,70
8,19,2015,18
8,18,2015,90
8,17,2015,45
8,16,2015,37
8,15,2015,97
8,14,2015,22
8,13,2015,15
8,12,2015,28
8,11,2015,02
8,10,2015,93
8,09,2015,06
8,08,2015,76
8,07,2015,27
8,06,2015,02
8,05,2015,88
8,04,2015,30
8,03,2015,22
8,02,2015,45
8,01,2015,34
7,31,2015,74
7,30,2015,55
7,29,2015,15
7,28,2015,42
7,27,2015,38
7,26,2015,86
7,25,2015,14
7,24,2015,10
7,23,2015,85
7,22,2015,94
7,21,2015,08
7,20,2015,81
7,19,2015,14
7,18,2015,37
7,17,2015,56
7,16,2015,96
7,15,2015,48
7,14,2015,58
7,13,2015,12
7,12,2015,54
7,11,2015,63
7,10,2015,72
7,09,2015,54
7,08,2015,03
7,07,2015,89
7,06,2015,81
7,05,2015,42
7,04,2015,88
7,03,2015,04
7,02,2015,51
7,01,2015,12
6,30,2015,38
6,29,2015,41
6,28,2015,54
6,27,2015,59
6,26,2015,70
6,25,2015,47
6,24,2015,28
6,23,2015,17
6,22,2015,58
6,21,2015,53
6,20,2015,45
6,19,2015,30
6,18,2015,18
6,17,2015,76
6,16,2015,77
6,15,2015,63
6,14,2015,18
6,13,2015,84
6,12,2015,12
6,11,2015,86
6,10,2015,10
6,09,2015,08
6,08,2015,66
6,07,2015,13
6,06,2015,52
6,05,2015,69
6,04,2015,37
6,03,2015,04
6,02,2015,69
6,01,2015,36
5,31,2015,13
5,30,2015,41
5,29,2015,71
5,28,2015,77
5,27,2015,68
5,26,2015,41
5,25,2015,13
5,24,2015,14
5,23,2015,47
5,22,2015,79
5,21,2015,99
5,20,2015,75
5,19,2015,92
5,18,2015,22
5,17,2015,01
5,16,2015,63
5,15,2015,02
5,14,2015,59
5,13,2015,05
5,12,2015,00
5,11,2015,00
5,10,2015,64
5,09,2015,08
5,08,2015,89
5,07,2015,98
5,06,2015,35
5,05,2015,93
5,04,2015,18
5,03,2015,16
5,02,2015,09
5,01,2015,93
4,30,2015,78
4,29,2015,46
4,28,2015,01
4,27,2015,38
4,26,2015,41
4,25,2015,94
4,24,2015,37
4,23,2015,04
4,22,2015,83
4,21,2015,13
4,20,2015,28
4,19,2015,95
4,18,2015,69
4,17,2015,81
4,16,2015,58
4,15,2015,89
4,14,2015,65
4,13,2015,38
4,12,2015,51
4,11,2015,64
4,10,2015,57
4,09,2015,21
4,08,2015,41
4,07,2015,95
4,06,2015,02
4,05,2015,66
4,04,2015,35
4,03,2015,22
4,02,2015,18
4,01,2015,41
3,31,2015,37
3,30,2015,04
3,29,2015,91
3,28,2015,15
3,27,2015,40
3,26,2015,26
3,25,2015,93
3,24,2015,33
3,23,2015,46
3,22,2015,38
3,21,2015,23
3,20,2015,16
3,19,2015,41
3,18,2015,99
3,17,2015,57
3,16,2015,82
3,15,2015,54
3,14,2015,09
3,13,2015,62
3,12,2015,51
3,11,2015,37
3,10,2015,70
3,09,2015,11
3,08,2015,29
3,07,2015,00
3,06,2015,65
3,05,2015,07
3,04,2015,01
3,03,2015,91
3,02,2015,87
3,01,2015,46
2,28,2015,06
2,27,2015,56
2,26,2015,49
2,25,2015,30
2,24,2015,34
2,23,2015,09
2,22,2015,88
2,21,2015,16
2,20,2015,27
2,19,2015,58
2,18,2015,66
2,17,2015,06
2,16,2015,06
2,15,2015,61
2,14,2015,33
2,13,2015,15
2,12,2015,89
2,11,2015,27
2,10,2015,91
2,09,2015,89
2,08,2015,22
2,07,2015,15
2,06,2015,04
2,05,2015,18
2,04,2015,87
2,03,2015,80
2,02,2015,72
2,01,2015,71
1,31,2015,23
1,30,2015,72
1,29,2015,99
1,28,2015,87
1,27,2015,82
1,26,2015,73
1,25,2015,57
1,24,2015,86
1,23,2015,27
1,22,2015,41
1,21,2015,41
1,20,2015,49
1,19,2015,11
1,18,2015,96
1,17,2015,18
1,16,2015,36
1,15,2015,32
1,14,2015,57
1,13,2015,63
1,12,2015,22
1,11,2015,19
1,10,2015,11
1,09,2015,22
1,08,2015,09
1,07,2015,71
1,06,2015,17
1,05,2015,50
1,04,2015,89
1,03,2015,28
1,02,2015,03
1,01,2015,85
12,31,2016,87
12,30,2016,72
12,29,2016,47
12,28,2016,34
12,27,2016,66
12,26,2016,79
12,25,2016,44
12,24,2016,60
12,23,2016,43
12,22,2016,91
12,21,2016,02
12,20,2016,52
12,19,2016,82
12,18,2016,62
12,17,2016,15
12,16,2016,29
12,15,2016,35
12,14,2016,86
12,13,2016,48
12,12,2016,67
12,11,2016,63
12,10,2016,16
12,09,2016,40
12,08,2016,11
12,07,2016,00
12,06,2016,98
12,05,2016,57
12,04,2016,14
12,03,2016,68
12,02,2016,43
12,01,2016,82
11,30,2016,96
11,29,2016,09
11,28,2016,96
11,27,2016,68
11,26,2016,57
11,25,2016,45
11,24,2016,69
11,23,2016,98
11,22,2016,62
11,21,2016,34
11,20,2016,07
11,19,2016,34
11,18,2016,52
11,17,2016,61
11,16,2016,73
11,15,2016,08
11,14,2016,96
11,13,2016,54
11,12,2016,87
11,11,2016,07
11,10,2016,45
11,09,2016,34
11,08,2016,44
11,07,2016,45
11,06,2016,87
11,05,2016,89
11,04,2016,11
11,03,2016,09
11,02,2016,97
11,01,2016,41
10,31,2016,62
10,30,2016,16
10,29,2016,01
10,28,2016,81
10,27,2016,44
10,26,2016,52
10,25,2016,31
10,24,2016,56
10,23,2016,25
10,22,2016,42
10,21,2016,51
10,20,2016,97
10,19,2016,92
10,18,2016,68
10,17,2016,72
10,16,2016,12
10,15,2016,75
10,14,2016,84
10,13,2016,90
10,12,2016,10
10,11,2016,53
10,10,2016,36
10,09,2016,81
10,08,2016,94
10,07,2016,91
10,06,2016,21
10,05,2016,75
10,04,2016,54
10,03,2016,11
10,02,2016,62
10,01,2016,51
9,30,2016,10
9,29,2016,24
9,28,2016,51
9,27,2016,15
9,26,2016,89
9,25,2016,94
9,24,2016,42
9,23,2016,86
9,22,2016,16
9,21,2016,33
9,20,2016,35
9,19,2016,23
9,18,2016,00
9,17,2016,15
9,16,2016,87
9,15,2016,79
9,14,2016,85
9,13,2016,20
9,12,2016,91
9,11,2016,05
9,10,2016,91
9,09,2016,06
9,08,2016,91
9,07,2016,24
9,06,2016,26
9,05,2016,21
9,04,2016,50
9,03,2016,92
9,02,2016,50
9,01,2016,63
8,31,2016,12
8,30,2016,75
8,29,2016,94
8,28,2016,35
8,27,2016,52
8,26,2016,45
8,25,2016,19
8,24,2016,14
8,23,2016,86
8,22,2016,29
8,21,2016,22
8,20,2016,52
8,19,2016,82
8,18,2016,22
8,17,2016,28
8,16,2016,84
8,15,2016,19
8,14,2016,89
8,13,2016,57
8,12,2016,57
8,11,2016,86
8,10,2016,97
8,09,2016,09
8,08,2016,39
8,07,2016,34
8,06,2016,14
8,05,2016,99
8,04,2016,71
8,03,2016,21
8,02,2016,80
8,01,2016,43
7,31,2016,22
7,30,2016,11
7,29,2016,20
7,28,2016,66
7,27,2016,01
7,26,2016,79
7,25,2016,57
7,24,2016,06
7,23,2016,52
7,22,2016,72
7,21,2016,33
7,20,2016,05
7,19,2016,44
7,18,2016,82
7,17,2016,77
7,16,2016,78
7,15,2016,94
7,14,2016,90
7,13,2016,64
7,12,2016,88
7,11,2016,06
7,10,2016,48
7,09,2016,87
7,08,2016,09
7,07,2016,78
7,06,2016,25
7,05,2016,70
7,04,2016,77
7,03,2016,24
7,02,2016,26
7,01,2016,07
6,30,2016,06
6,29,2016,18
6,28,2016,87
6,27,2016,98
6,26,2016,76
6,25,2016,71
6,24,2016,17
6,23,2016,76
6,22,2016,85
6,21,2016,54
6,20,2016,42
6,19,2016,56
6,18,2016,62
6,17,2016,66
6,16,2016,48
6,15,2016,20
6,14,2016,59
6,13,2016,35
6,12,2016,39
6,11,2016,95
6,10,2016,74
6,09,2016,71
6,08,2016,73
6,07,2016,67
6,06,2016,15
6,05,2016,30
6,04,2016,65
6,03,2016,88
6,02,2016,55
6,01,2016,59
5,31,2016,91
5,30,2016,18
5,29,2016,59
5,28,2016,17
5,27,2016,22
5,26,2016,03
5,25,2016,64
5,24,2016,04
5,23,2016,66
5,22,2016,34
5,21,2016,17
5,20,2016,42
5,19,2016,03
5,18,2016,00
5,17,2016,92
5,16,2016,36
5,15,2016,71
5,14,2016,17
5,13,2016,94
5,12,2016,96
5,11,2016,72
5,10,2016,49
5,09,2016,20
5,08,2016,39
5,07,2016,81
5,06,2016,36
5,05,2016,68
5,04,2016,01
5,03,2016,54
5,02,2016,32
5,01,2016,24
4,30,2016,07
4,29,2016,10
4,28,2016,37
4,27,2016,48
4,26,2016,85
4,25,2016,60
4,24,2016,14
4,23,2016,95
4,22,2016,46
4,21,2016,58
4,20,2016,66
4,19,2016,42
4,18,2016,58
4,17,2016,83
4,16,2016,37
4,15,2016,96
4,14,2016,12
4,13,2016,74
4,12,2016,92
4,11,2016,13
4,10,2016,25
4,09,2016,09
4,08,2016,19
4,07,2016,64
4,06,2016,98
4,05,2016,70
4,04,2016,41
4,03,2016,88
4,02,2016,62
4,01,2016,71
3,31,2016,63
3,30,2016,06
3,29,2016,16
3,28,2016,70
3,27,2016,94
3,26,2016,90
3,25,2016,88
3,24,2016,41
3,23,2016,92
3,22,2016,38
3,21,2016,08
3,20,2016,43
3,19,2016,88
3,18,2016,59
3,17,2016,91
3,16,2016,87
3,15,2016,85
3,14,2016,95
3,13,2016,31
3,12,2016,57
3,11,2016,56
3,10,2016,49
3,09,2016,39
3,08,2016,92
3,07,2016,00
3,06,2016,98
3,05,2016,51
3,04,2016,13
3,03,2016,16
3,02,2016,86
3,01,2016,11
2,29,2016,78
2,28,2016,47
2,27,2016,60
2,26,2016,10
2,25,2016,58
2,24,2016,77
2,23,2016,20
2,22,2016,75
2,21,2016,95
2,20,2016,70
2,19,2016,33
2,18,2016,57
2,17,2016,87
2,16,2016,09
2,15,2016,93
2,14,2016,45
2,13,2016,89
2,12,2016,15
2,11,2016,73
2,10,2016,34
2,09,2016,46
2,08,2016,22
2,07,2016,44
2,06,2016,45
2,05,2016,99
2,04,2016,11
2,03,2016,12
2,02,2016,89
2,01,2016,64
1,31,2016,33
1,30,2016,08
1,29,2016,86
1,28,2016,89
1,27,2016,66
1,26,2016,23
1,25,2016,85
1,24,2016,16
1,23,2016,05
1,22,2016,05
1,21,2016,32
1,20,2016,33
1,19,2016,82
1,18,2016,43
1,17,2016,86
1,16,2016,84
1,15,2016,38
1,14,2016,23
1,13,2016,33
1,12,2016,65
1,11,2016,57
1,10,2016,26
1,09,2016,96
1,08,2016,07
1,07,2016,66
1,06,2016,51
1,05,2016,78
1,04,2016,73
1,03,2016,56
1,02,2016,74
1,01,2016,21
12,31,2017,76
12,30,2017,69
12,29,2017,90
12,28,2017,42
12,27,2017,70
12,26,2017,77
12,25,2017,55
12,24,2017,23
12,23,2017,54
12,22,2017,05
12,21,2017,30
12,20,2017,01
12,19,2017,69
12,18,2017,21
12,17,2017,43
12,16,2017,87
12,15,2017,67
12,14,2017,53
12,13,2017,19
12,12,2017,79
12,11,2017,76
12,10,2017,48
12,09,2017,53
12,08,2017,96
12,07,2017,39
12,06,2017,15
12,05,2017,79
12,04,2017,66
12,03,2017,44
12,02,2017,51
12,01,2017,09
11,30,2017,16
11,29,2017,15
11,28,2017,11
11,27,2017,64
11,26,2017,13
11,25,2017,47
11,24,2017,37
11,23,2017,21
11,22,2017,34
11,21,2017,61
11,20,2017,96
11,19,2017,10
11,18,2017,63
11,17,2017,64
11,16,2017,86
11,15,2017,04
11,14,2017,53
11,13,2017,12
11,12,2017,69
11,11,2017,40
11,10,2017,90
11,09,2017,68
11,08,2017,47
11,07,2017,03
11,06,2017,69
11,05,2017,85
11,04,2017,04
11,03,2017,14
11,02,2017,14
11,01,2017,74
10,31,2017,00
10,30,2017,23
10,29,2017,98
10,28,2017,57
10,27,2017,55
10,26,2017,50
10,25,2017,97
10,24,2017,95
10,23,2017,42
10,22,2017,59
10,21,2017,53
10,20,2017,84
10,19,2017,57
10,18,2017,51
10,17,2017,23
10,16,2017,93
10,15,2017,05
10,14,2017,98
10,13,2017,17
10,12,2017,77
10,11,2017,19
10,10,2017,69
10,09,2017,27
10,08,2017,51
10,07,2017,10
10,06,2017,58
10,05,2017,41
10,04,2017,18
10,03,2017,67
10,02,2017,89
10,01,2017,57
9,30,2017,91
9,29,2017,16
9,28,2017,31
9,27,2017,48
9,26,2017,17
9,25,2017,99
9,24,2017,49
9,23,2017,79
9,22,2017,35
9,21,2017,90
9,20,2017,72
9,19,2017,20
9,18,2017,22
9,17,2017,62
9,16,2017,22
9,15,2017,60
9,14,2017,64
9,13,2017,89
9,12,2017,71
9,11,2017,25
9,10,2017,96
9,09,2017,66
9,08,2017,30
9,07,2017,89
9,06,2017,62
9,05,2017,26
9,04,2017,33
9,03,2017,75
9,02,2017,17
9,01,2017,75
8,31,2017,86
8,30,2017,74
8,29,2017,98
8,28,2017,09
8,27,2017,02
8,26,2017,29
8,25,2017,98
8,24,2017,64
8,23,2017,65
8,22,2017,25
8,21,2017,14
8,20,2017,94
8,19,2017,13
8,18,2017,09
8,17,2017,48
8,16,2017,11
8,15,2017,25
8,14,2017,94
8,13,2017,73
8,12,2017,20
8,11,2017,60
8,10,2017,25
8,09,2017,06
8,08,2017,72
8,07,2017,29
8,06,2017,07
8,05,2017,98
8,04,2017,67
8,03,2017,29
8,02,2017,49
8,01,2017,39
7,31,2017,53
7,30,2017,11
7,29,2017,07
7,28,2017,48
7,27,2017,69
7,26,2017,82
7,25,2017,19
7,24,2017,51
7,23,2017,86
7,22,2017,88
7,21,2017,12
7,20,2017,87
7,19,2017,30
7,18,2017,67
7,17,2017,00
7,16,2017,74
7,15,2017,57
7,14,2017,73
7,13,2017,08
7,12,2017,80
7,11,2017,70
7,10,2017,26
7,09,2017,81
7,08,2017,29
7,07,2017,70
7,06,2017,05
7,05,2017,39
7,04,2017,90
7,03,2017,81
7,02,2017,31
7,01,2017,21
6,30,2017,53
6,29,2017,23
6,28,2017,20
6,27,2017,62
6,26,2017,89
6,25,2017,60
6,24,2017,72
6,23,2017,27
6,22,2017,06
6,21,2017,56
6,20,2017,07
6,19,2017,91
6,18,2017,99
6,17,2017,04
6,16,2017,54
6,15,2017,77
6,14,2017,97
6,13,2017,74
6,12,2017,47
6,11,2017,66
6,10,2017,09
6,09,2017,52
6,08,2017,14
6,07,2017,85
6,06,2017,06
6,05,2017,84
6,04,2017,26
6,03,2017,36
6,02,2017,95
6,01,2017,36
5,31,2017,51
5,30,2017,31
5,29,2017,29
5,28,2017,53
5,27,2017,41
5,26,2017,95
5,25,2017,24
5,24,2017,47
5,23,2017,37
5,22,2017,09
5,21,2017,24
5,20,2017,92
5,19,2017,99
5,18,2017,49
5,17,2017,55
5,16,2017,26
5,15,2017,12
5,14,2017,65
5,13,2017,57
5,12,2017,76
5,11,2017,84
5,10,2017,65
5,09,2017,56
5,08,2017,22
5,07,2017,12
5,06,2017,23
5,05,2017,23
5,04,2017,36
5,03,2017,02
5,02,2017,83
5,01,2017,60
4,30,2017,34
4,29,2017,76
4,28,2017,90
4,27,2017,66
4,26,2017,32
4,25,2017,40
4,24,2017,79
4,23,2017,57
4,22,2017,71
4,21,2017,24
4,20,2017,13
4,19,2017,20
4,18,2017,73
4,17,2017,97
4,16,2017,14
4,15,2017,57
4,14,2017,56
4,13,2017,38
4,12,2017,45
4,11,2017,65
4,10,2017,50
4,09,2017,03
4,08,2017,49
4,07,2017,30
4,06,2017,37
4,05,2017,73
4,04,2017,25
4,03,2017,99
4,02,2017,55
4,01,2017,82
3,31,2017,78
3,30,2017,96
3,29,2017,00
3,28,2017,24
3,27,2017,31
3,26,2017,04
3,25,2017,76
3,24,2017,48
3,23,2017,78
3,22,2017,63
3,21,2017,10
3,20,2017,00
3,19,2017,41
3,18,2017,15
3,17,2017,07
3,16,2017,43
3,15,2017,25
3,14,2017,45
3,13,2017,32
3,12,2017,54
3,11,2017,50
3,10,2017,74
3,09,2017,31
3,08,2017,68
3,07,2017,01
3,06,2017,99
3,05,2017,97
3,04,2017,21
3,03,2017,51
3,02,2017,93
3,01,2017,84
2,28,2017,09
2,27,2017,46
2,26,2017,52
2,25,2017,94
2,24,2017,41
2,23,2017,47
2,22,2017,41
2,21,2017,59
2,20,2017,34
2,19,2017,66
2,18,2017,97
2,17,2017,09
2,16,2017,08
2,15,2017,24
2,14,2017,05
2,13,2017,98
2,12,2017,25
2,11,2017,17
2,10,2017,88
2,09,2017,46
2,08,2017,88
2,07,2017,66
2,06,2017,19
2,05,2017,13
2,04,2017,82
2,03,2017,63
2,02,2017,04
2,01,2017,76
1,31,2017,37
1,30,2017,45
1,29,2017,27
1,28,2017,55
1,27,2017,42
1,26,2017,88
1,25,2017,04
1,24,2017,85
1,23,2017,59
1,22,2017,75
1,21,2017,66
1,20,2017,80
1,19,2017,14
1,18,2017,26
1,17,2017,99
1,16,2017,23
1,15,2017,94
1,14,2017,78
1,13,2017,38
1,12,2017,31
1,11,2017,16
1,10,2017,62
1,09,2017,38
1,08,2017,88
1,07,2017,14
1,06,2017,19
1,05,2017,61
1,04,2017,84
1,03,2017,96
1,02,2017,62
1,01,2017,05
12,31,2018,39
12,30,2018,96
12,29,2018,87
12,28,2018,33
12,27,2018,42
12,26,2018,89
12,25,2018,27
12,24,2018,69
12,23,2018,09
12,22,2018,06
12,21,2018,49
12,20,2018,11
12,19,2018,56
12,18,2018,50
12,17,2018,19
12,16,2018,32
12,15,2018,15
12,14,2018,59
12,13,2018,84
12,12,2018,56
12,11,2018,60
12,10,2018,64
12,09,2018,76
12,08,2018,66
12,07,2018,59
12,06,2018,17
12,05,2018,31
12,04,2018,54
12,03,2018,83
12,02,2018,67
12,01,2018,73
11,30,2018,98
11,29,2018,88
11,28,2018,47
11,27,2018,61
11,26,2018,41
11,25,2018,27
11,24,2018,03
11,23,2018,20
11,22,2018,22
11,21,2018,70
11,20,2018,72
11,19,2018,21
11,18,2018,00
11,17,2018,23
11,16,2018,48
11,15,2018,26
11,14,2018,83
11,13,2018,13
11,12,2018,81
11,11,2018,40
11,10,2018,07
11,09,2018,80
11,08,2018,98
11,07,2018,54
11,06,2018,68
11,05,2018,20
11,04,2018,31
11,03,2018,92
11,02,2018,70
11,01,2018,67
10,31,2018,96
10,30,2018,83
10,29,2018,32
10,28,2018,38
10,27,2018,59
10,26,2018,22
10,25,2018,24
10,24,2018,31
10,23,2018,26
10,22,2018,08
10,21,2018,50
10,20,2018,11
10,19,2018,82
10,18,2018,74
10,17,2018,35
10,16,2018,60
10,15,2018,37
10,14,2018,06
10,13,2018,12
10,12,2018,17
10,11,2018,18
10,10,2018,08
10,09,2018,11
10,08,2018,60
10,07,2018,04
10,06,2018,35
10,05,2018,88
10,04,2018,25
10,03,2018,42
10,02,2018,68
10,01,2018,27
9,30,2018,62
9,29,2018,35
9,28,2018,09
9,27,2018,90
9,26,2018,88
9,25,2018,05
9,24,2018,32
9,23,2018,41
9,22,2018,92
9,21,2018,31
9,20,2018,46
9,19,2018,20
9,18,2018,84
9,17,2018,45
9,16,2018,74
9,15,2018,45
9,14,2018,83
9,13,2018,11
9,12,2018,11
9,11,2018,81
9,10,2018,67
9,09,2018,60
9,08,2018,33
9,07,2018,75
9,06,2018,84
9,05,2018,14
9,04,2018,46
9,03,2018,29
9,02,2018,62
9,01,2018,50
8,31,2018,47
8,30,2018,45
8,29,2018,95
8,28,2018,09
8,27,2018,03
8,26,2018,07
8,25,2018,58
8,24,2018,16
8,23,2018,76
8,22,2018,41
8,21,2018,97
8,20,2018,47
8,19,2018,41
8,18,2018,57
8,17,2018,44
8,16,2018,55
8,15,2018,80
8,14,2018,78
8,13,2018,14
8,12,2018,14
8,11,2018,18
8,10,2018,30
8,09,2018,15
8,08,2018,65
8,07,2018,83
8,06,2018,41
8,05,2018,85
8,04,2018,51
8,03,2018,57
8,02,2018,78
8,01,2018,02
7,31,2018,63
7,30,2018,81
7,29,2018,34
7,28,2018,46
7,27,2018,32
7,26,2018,73
7,25,2018,84
7,24,2018,06
7,23,2018,33
7,22,2018,54
7,21,2018,85
7,20,2018,43
7,19,2018,65
7,18,2018,53
7,17,2018,38
7,16,2018,10
7,15,2018,37
7,14,2018,91
7,13,2018,77
7,12,2018,37
7,11,2018,58
7,10,2018,61
7,09,2018,07
7,08,2018,41
7,07,2018,43
7,06,2018,39
7,05,2018,73
7,04,2018,20
7,03,2018,83
7,02,2018,32
7,01,2018,00
6,30,2018,05
6,29,2018,13
6,28,2018,29
6,27,2018,42
6,26,2018,13
6,25,2018,04
6,24,2018,39
6,23,2018,14
6,22,2018,27
6,21,2018,82
6,20,2018,41
6,19,2018,79
6,18,2018,99
6,17,2018,57
6,16,2018,85
6,15,2018,00
6,14,2018,52
6,13,2018,02
6,12,2018,34
6,11,2018,53
6,10,2018,47
6,09,2018,16
6,08,2018,42
6,07,2018,55
6,06,2018,76
6,05,2018,22
6,04,2018,02
6,03,2018,05
6,02,2018,01
6,01,2018,65
5,31,2018,84
5,30,2018,72
5,29,2018,79
5,28,2018,15
5,27,2018,44
5,26,2018,99
5,25,2018,27
5,24,2018,22
5,23,2018,31
5,22,2018,01
5,21,2018,93
5,20,2018,44
5,19,2018,88
5,18,2018,29
5,17,2018,92
5,16,2018,39
5,15,2018,38
5,14,2018,99
5,13,2018,83
5,12,2018,36
5,11,2018,75
5,10,2018,21
5,09,2018,71
5,08,2018,65
5,07,2018,32
5,06,2018,24
5,05,2018,47
5,04,2018,73
5,03,2018,35
5,02,2018,71
5,01,2018,39
4,30,2018,84
4,29,2018,98
4,28,2018,41
4,27,2018,26
4,26,2018,18
4,25,2018,99
4,24,2018,85
4,23,2018,57
4,22,2018,96
4,21,2018,00
4,20,2018,75
4,19,2018,08
4,18,2018,02
4,17,2018,39
4,16,2018,72
4,15,2018,23
4,14,2018,37
4,13,2018,88
4,12,2018,02
4,11,2018,21
4,10,2018,11
4,09,2018,30
4,08,2018,38
4,07,2018,50
4,06,2018,18
4,05,2018,11
4,04,2018,45
4,03,2018,54
4,02,2018,32
4,01,2018,53
3,31,2018,76
3,30,2018,78
3,29,2018,62
3,28,2018,50
3,27,2018,13
3,26,2018,72
3,25,2018,87
3,24,2018,28
3,23,2018,63
3,22,2018,41
3,21,2018,49
3,20,2018,73
3,19,2018,80
3,18,2018,88
3,17,2018,92
3,16,2018,94
3,15,2018,89
3,14,2018,80
3,13,2018,58
3,12,2018,02
3,11,2018,35
3,10,2018,28
3,09,2018,58
3,08,2018,60
3,07,2018,88
3,06,2018,72
3,05,2018,71
3,04,2018,58
3,03,2018,19
3,02,2018,33
3,01,2018,95
2,28,2018,12
2,27,2018,10
2,26,2018,31
2,25,2018,63
2,24,2018,40
2,23,2018,51
2,22,2018,34
2,21,2018,42
2,20,2018,04
2,19,2018,16
2,18,2018,59
2,17,2018,13
2,16,2018,20
2,15,2018,24
2,14,2018,68
2,13,2018,12
2,12,2018,43
2,11,2018,06
2,10,2018,89
2,09,2018,79
2,08,2018,90
2,07,2018,33
2,06,2018,01
2,05,2018,13
2,04,2018,21
2,03,2018,97
2,02,2018,45
2,01,2018,14
1,31,2018,13
1,30,2018,52
1,29,2018,78
1,26,2018,23
1,24,2018,50
1,23,2018,38
1,22,2018,88
1,21,2018,63
1,20,2018,89
1,19,2018,25
1,18,2018,61
1,17,2018,22
1,16,2018,93
1,15,2018,99
1,14,2018,87
1,13,2018,09
1,12,2018,46
1,11,2018,99
1,10,2018,86
1,09,2018,51
1,08,2018,31
1,07,2018,89
1,06,2018,23
1,05,2018,47
1,04,2018,47
1,03,2018,93
1,02,2018,61
1,01,2018,92
12,31,2019,73
12,30,2019,43
12,29,2019,66
12,28,2019,34
12,27,2019,97
12,26,2019,10
12,25,2019,56
12,24,2019,39
12,23,2019,79
12,22,2019,61
12,21,2019,25
12,20,2019,82
12,19,2019,04
12,18,2019,87
12,17,2019,19
12,16,2019,04
12,15,2019,37
12,14,2019,85
12,09,2019,30
12,08,2019,75
12,07,2019,10
12,06,2019,49
12,05,2019,34
12,04,2019,09
12,03,2019,01
12,02,2019,96
12,01,2019,50
11,30,2019,43
11,29,2019,20
11,28,2019,40
11,27,2019,20
11,26,2019,27
11,25,2019,07
11,24,2019,89
11,23,2019,00
11,22,2019,50
11,21,2019,45
11,20,2019,26
11,19,2019,20
11,18,2019,21
11,17,2019,97
11,16,2019,18
11,15,2019,11
11,14,2019,11
11,13,2019,43
11,12,2019,83
11,11,2019,30
11,10,2019,45
11,09,2019,49
11,08,2019,54
11,07,2019,98
11,06,2019,84
11,05,2019,46
11,04,2019,20
11,03,2019,12
11,02,2019,81
11,01,2019,00
10,31,2019,38
10,30,2019,00
10,29,2019,59
10,28,2019,28
10,27,2019,26
10,26,2019,12
10,25,2019,11
10,24,2019,93
10,23,2019,95
10,22,2019,35
10,21,2019,37
10,20,2019,61
10,19,2019,09
10,18,2019,71
10,17,2019,49
10,16,2019,06
10,15,2019,96
10,14,2019,22
10,13,2019,99
10,12,2019,67
10,11,2019,51
10,10,2019,74
10,09,2019,09
10,08,2019,87
10,07,2019,05
10,06,2019,36
10,05,2019,70
10,04,2019,48
10,03,2019,14
10,02,2019,97
10,01,2019,22
9,30,2019,12
9,29,2019,89
9,28,2019,83
9,27,2019,53
9,26,2019,34
9,25,2019,01
9,24,2019,07
9,23,2019,59
9,22,2019,80
9,21,2019,04
9,20,2019,49
9,19,2019,61
9,18,2019,68
9,17,2019,38
9,16,2019,26
9,15,2019,35
9,14,2019,18
9,13,2019,69
9,12,2019,98
9,11,2019,82
9,10,2019,39
9,09,2019,93
9,08,2019,09
9,07,2019,78
9,06,2019,30
9,05,2019,44
9,04,2019,61
9,03,2019,49
9,02,2019,70
9,01,2019,11
8,31,2019,98
8,30,2019,53
8,29,2019,16
8,28,2019,85
8,27,2019,37
8,26,2019,92
8,25,2019,08
8,24,2019,85
8,23,2019,68
8,22,2019,50
8,21,2019,20
8,20,2019,13
8,19,2019,78
8,18,2019,34
8,17,2019,73
8,16,2019,67
8,15,2019,21
8,14,2019,63
8,13,2019,26
8,12,2019,35
8,11,2019,50
8,10,2019,89
8,09,2019,69
8,08,2019,63
8,07,2019,45
8,06,2019,29
8,05,2019,37
8,04,2019,39
8,03,2019,20
8,02,2019,74
8,01,2019,76
7,31,2019,67
7,30,2019,23
7,29,2019,01
7,28,2019,28
7,27,2019,72
7,26,2019,54
7,25,2019,63
7,24,2019,82
7,23,2019,32
7,22,2019,46
7,21,2019,24
7,20,2019,88
7,19,2019,31
7,18,2019,92
7,17,2019,89
7,16,2019,93
7,15,2019,56
7,14,2019,31
7,13,2019,03
7,12,2019,59
7,11,2019,13
7,10,2019,22
7,09,2019,51
7,08,2019,19
7,07,2019,80
7,06,2019,35
7,05,2019,88
7,04,2019,17
7,03,2019,07
7,02,2019,07
7,01,2019,28
6,30,2019,21
6,29,2019,92
6,28,2019,55
6,27,2019,62
6,26,2019,51
6,25,2019,27
6,24,2019,71
6,23,2019,54
6,22,2019,81
6,21,2019,72
6,20,2019,99
6,19,2019,28
6,18,2019,73
6,17,2019,02
6,16,2019,92
6,15,2019,88
6,14,2019,43
6,13,2019,52
6,12,2019,29
6,11,2019,90
6,10,2019,39
6,09,2019,19
6,08,2019,92
6,07,2019,49
6,06,2019,47
6,05,2019,81
6,04,2019,96
6,03,2019,45
6,02,2019,45
6,01,2019,03
5,31,2019,13
5,30,2019,49
5,29,2019,69
5,28,2019,88
5,27,2019,20
5,26,2019,25
5,25,2019,13
5,24,2019,18
5,23,2019,32
5,22,2019,70
5,21,2019,77
5,20,2019,37
5,19,2019,47
5,18,2019,82
5,17,2019,79
5,16,2019,92
5,15,2019,11
5,14,2019,85
5,13,2019,09
5,12,2019,12
5,11,2019,39
5,10,2019,17
5,09,2019,44
5,08,2019,77
5,07,2019,42
5,06,2019,41
5,05,2019,99
5,04,2019,92
5,03,2019,56
5,02,2019,04
5,01,2019,68
4,30,2019,05
4,29,2019,74
4,28,2019,64
4,27,2019,68
4,26,2019,61
4,25,2019,45
4,24,2019,82
4,23,2019,28
4,22,2019,11
4,21,2019,14
4,20,2019,48
4,19,2019,43
4,18,2019,69
4,17,2019,31
4,16,2019,17
4,15,2019,81
4,14,2019,38
4,13,2019,67
4,12,2019,07
4,11,2019,31
4,10,2019,42
4,09,2019,37
4,08,2019,89
4,07,2019,74
4,06,2019,87
4,05,2019,92
4,04,2019,41
4,03,2019,89
4,02,2019,20
4,01,2019,72
3,31,2019,19
3,30,2019,76
3,29,2019,59
3,28,2019,95
3,27,2019,30
3,26,2019,45
3,25,2019,75
3,24,2019,00
3,23,2019,55
3,22,2019,01
3,21,2019,01
3,20,2019,55
3,19,2019,09
3,18,2019,39
3,17,2019,93
3,16,2019,16
3,15,2019,74
3,14,2019,87
3,13,2019,21
3,12,2019,79
3,11,2019,09
3,10,2019,77
3,09,2019,27
3,08,2019,25
3,07,2019,33
3,06,2019,78
3,05,2019,69
3,04,2019,27
3,03,2019,24
3,02,2019,67
3,01,2019,91
2,28,2019,78
2,27,2019,34
2,26,2019,15
2,25,2019,99
2,24,2019,96
2,23,2019,03
2,22,2019,85
2,21,2019,08
2,20,2019,20
2,19,2019,52
2,18,2019,02
2,17,2019,08
2,16,2019,81
2,15,2019,73
2,14,2019,81
2,13,2019,45
2,12,2019,28
2,11,2019,30
2,10,2019,01
2,09,2019,82
2,08,2019,31
2,07,2019,88
2,06,2019,35
2,05,2019,75
2,04,2019,81
2,03,2019,58
2,02,2019,23
2,01,2019,12
1,31,2019,40
1,30,2019,41
1,29,2019,63
1,28,2019,22
1,27,2019,66
1,26,2019,01
1,25,2019,65
1,24,2019,12
1,23,2019,29
1,22,2019,69
1,21,2019,82
1,20,2019,41
1,19,2019,20
1,18,2019,88
1,17,2019,81
1,16,2019,59
1,15,2019,27
1,14,2019,82
1,13,2019,41
1,12,2019,28
1,11,2019,63
1,10,2019,76
1,09,2019,79
1,08,2019,51
1,07,2019,33
1,06,2019,59
1,05,2019,03
1,04,2019,69
1,03,2019,63
1,02,2019,98
1,01,2019,64
12,31,2020,05
12,30,2020,69
12,29,2020,62
12,28,2020,02
12,27,2020,94
12,26,2020,30
12,25,2020,09
12,24,2020,61
12,23,2020,28
12,22,2020,79
12,21,2020,56
12,20,2020,00
12,19,2020,65
12,18,2020,44
12,17,2020,99
12,16,2020,46
12,15,2020,75
12,14,2020,41
12,13,2020,70
12,12,2020,47
12,11,2020,37
12,10,2020,28
12,09,2020,50
12,08,2020,08
12,07,2020,33
12,06,2020,58
12,05,2020,48
12,04,2020,92
12,03,2020,74
12,02,2020,04
12,01,2020,28
11,30,2020,42
11,29,2020,91
11,28,2020,47
11,27,2020,00
11,26,2020,15
11,25,2020,02
11,24,2020,13
11,23,2020,25
11,22,2020,56
11,21,2020,73
11,20,2020,93
11,19,2020,79
11,18,2020,32
11,17,2020,48
11,16,2020,12
11,15,2020,67
11,14,2020,05
11,13,2020,21
11,12,2020,92
11,11,2020,51
11,10,2020,59
11,09,2020,51
11,08,2020,07
11,07,2020,82
11,06,2020,98
11,05,2020,10
11,04,2020,02
11,03,2020,79
11,01,2020,94
10,31,2020,29
10,30,2020,83
10,29,2020,97
10,28,2020,76
10,27,2020,21
10,26,2020,22
10,25,2020,92
10,24,2020,26
10,23,2020,75
10,22,2020,16
10,21,2020,72
10,20,2020,11
10,19,2020,72
10,18,2020,59
10,17,2020,50
10,16,2020,01
10,15,2020,52
10,14,2020,26
10,13,2020,22
10,12,2020,62
10,11,2020,03
10,10,2020,36
10,09,2020,67
10,08,2020,23
9,30,2020,34
9,29,2020,25
9,28,2020,55
9,27,2020,99
9,26,2020,07
9,25,2020,80
9,24,2020,05
9,23,2020,57
9,22,2020,61
9,21,2020,04
9,20,2020,81
9,19,2020,56
9,18,2020,50
9,17,2020,13
9,16,2020,63
9,15,2020,12
9,14,2020,53
9,13,2020,41
9,12,2020,56
9,11,2020,22
9,10,2020,73
9,09,2020,42
9,08,2020,99
9,07,2020,37
9,06,2020,10
9,05,2020,04
9,04,2020,71
9,03,2020,03
9,02,2020,98
9,01,2020,80
8,31,2020,79
8,30,2020,35
8,29,2020,31
8,28,2020,07
8,27,2020,94
8,26,2020,19
8,25,2020,11
8,24,2020,44
8,23,2020,06
8,22,2020,08
8,21,2020,81
8,20,2020,86
8,19,2020,50
8,18,2020,12
8,17,2020,79
8,16,2020,83
8,15,2020,49
8,14,2020,63
8,13,2020,40
8,12,2020,64
8,11,2020,52
8,10,2020,01
8,09,2020,00
8,08,2020,01
8,07,2020,42
8,06,2020,99
8,05,2020,91
8,04,2020,85
8,03,2020,45
8,02,2020,94
8,01,2020,78
7,31,2020,96
7,30,2020,82
7,29,2020,93
7,28,2020,99
7,27,2020,70
7,26,2020,99
7,25,2020,64
7,24,2020,38
7,23,2020,66
7,22,2020,13
7,21,2020,11
7,16,2020,18
7,15,2020,00
7,14,2020,70
7,13,2020,97
7,12,2020,77
7,11,2020,46
7,10,2020,58
7,09,2020,61
7,08,2020,81
7,07,2020,27
7,06,2020,74
7,05,2020,05
7,04,2020,73
7,03,2020,85
7,02,2020,12
7,01,2020,61
6,30,2020,54
6,29,2020,56
6,28,2020,90
6,27,2020,22
6,26,2020,77
6,25,2020,57
6,24,2020,76
6,23,2020,87
6,22,2020,04
6,21,2020,98
6,20,2020,59
6,19,2020,58
6,18,2020,28
6,17,2020,09
6,16,2020,39
6,15,2020,86
6,14,2020,22
6,13,2020,78
6,12,2020,20
6,11,2020,53
6,10,2020,58
6,09,2020,89
6,08,2020,80
6,07,2020,79
6,06,2020,43
6,05,2020,02
6,04,2020,22
6,03,2020,84
6,02,2020,39
6,01,2020,22
5,31,2020,13
5,30,2020,14
5,29,2020,76
5,28,2020,54
5,27,2020,78
5,26,2020,51
5,25,2020,58
5,24,2020,57
5,23,2020,50
5,22,2020,59
5,21,2020,88
5,20,2020,23
5,19,2020,85
5,18,2020,87
5,17,2020,50
5,16,2020,89
5,15,2020,51
5,14,2020,32
5,13,2020,94
5,12,2020,70
5,11,2020,53
5,10,2020,52
5,09,2020,39
5,08,2020,71
5,07,2020,38
5,06,2020,92
5,05,2020,88
5,04,2020,04
5,03,2020,82
4,27,2020,64
4,26,2020,71
4,25,2020,19
4,24,2020,55
4,23,2020,13
4,22,2020,26
4,21,2020,07
4,20,2020,01
4,19,2020,46
4,18,2020,06
4,17,2020,92
4,16,2020,36
4,15,2020,16
4,14,2020,99
4,13,2020,91
4,12,2020,01
4,11,2020,12
4,10,2020,29
4,09,2020,86
4,08,2020,17
4,07,2020,14
4,06,2020,52
4,05,2020,64
4,04,2020,26
4,03,2020,74
4,02,2020,13
4,01,2020,27
3,31,2020,57
3,30,2020,45
3,29,2020,34
3,28,2020,44
3,27,2020,67
3,26,2020,60
3,25,2020,42
3,24,2020,34
3,23,2020,11
3,22,2020,15
3,21,2020,72
3,20,2020,78
3,19,2020,44
3,18,2020,15
3,17,2020,31
3,16,2020,57
3,15,2020,18
3,14,2020,28
3,13,2020,50
3,12,2020,45
3,11,2020,29
3,10,2020,16
3,09,2020,76
3,08,2020,75
3,07,2020,73
3,06,2020,05
3,05,2020,27
3,04,2020,11
3,03,2020,73
3,02,2020,27
3,01,2020,28
2,29,2020,18
2,28,2020,45
2,27,2020,35
2,26,2020,74
2,25,2020,01
2,24,2020,18
2,23,2020,83
2,22,2020,67
2,21,2020,72
2,20,2020,51
2,19,2020,55
2,18,2020,85
2,17,2020,97
2,16,2020,54
2,15,2020,99
2,14,2020,93
2,13,2020,02
2,12,2020,99
2,11,2020,68
2,10,2020,55
2,09,2020,52
2,08,2020,39
2,07,2020,79
2,06,2020,54
2,05,2020,46
2,04,2020,27
2,03,2020,29
2,02,2020,28
2,01,2020,79
1,31,2020,95
1,30,2020,10
1,29,2020,93
1,28,2020,06
1,27,2020,28
1,26,2020,73
1,25,2020,30
1,24,2020,76
1,23,2020,05
1,22,2020,00
1,21,2020,70
1,20,2020,34
1,19,2020,43
1,18,2020,33
1,17,2020,07
1,16,2020,18
1,15,2020,10
1,14,2020,15
1,13,2020,15
1,12,2020,35
1,11,2020,35
1,10,2020,32
1,09,2020,76
1,08,2020,18
1,07,2020,70
1,06,2020,30
1,05,2020,53
1,04,2020,22
1,03,2020,90
1,02,2020,95
1,01,2020,21
12,31,2021,14
12,30,2021,58
12,29,2021,57
12,28,2021,34
12,27,2021,44
12,26,2021,27
12,25,2021,15
12,24,2021,81
12,23,2021,34
12,22,2021,21
12,21,2021,77
12,20,2021,02
12,19,2021,84
12,18,2021,11
12,17,2021,12
12,16,2021,22
12,15,2021,21
12,14,2021,34
12,13,2021,66
12,12,2021,04
12,11,2021,20
12,10,2021,34
12,09,2021,56
12,08,2021,97
12,07,2021,23
12,06,2021,53
12,05,2021,65
12,04,2021,41
12,03,2021,68
12,02,2021,47
12,01,2021,60
11,30,2021,98
11,29,2021,39
11,28,2021,18
11,27,2021,38
11,26,2021,81
11,25,2021,42
11,24,2021,88
11,23,2021,01
11,22,2021,18
11,21,2021,47
11,20,2021,55
11,19,2021,64
11,18,2021,22
11,17,2021,73
11,16,2021,07
11,15,2021,60
11,14,2021,40
11,13,2021,59
11,12,2021,22
11,11,2021,34
11,10,2021,03
11,09,2021,82
11,08,2021,76
11,07,2021,21
11,06,2021,70
11,05,2021,45
11,04,2021,16
11,03,2021,25
11,02,2021,43
11,01,2021,90
10,31,2021,12
10,30,2021,29
10,29,2021,20
10,28,2021,47
10,27,2021,58
10,26,2021,69
10,25,2021,30
10,24,2021,68
10,23,2021,29
10,22,2021,84
10,21,2021,05
10,20,2021,97
10,19,2021,99
10,18,2021,01
10,17,2021,77
10,16,2021,88
10,15,2021,92
10,14,2021,64
10,13,2021,91
10,12,2021,35
10,11,2021,27
10,10,2021,66
10,09,2021,29
10,08,2021,97
10,07,2021,99
10,06,2021,93
10,05,2021,26
10,04,2021,53
10,03,2021,96
10,02,2021,22
10,01,2021,97
9,30,2021,77
9,29,2021,76
9,28,2021,87
9,27,2021,26
9,26,2021,90
9,25,2021,04
9,24,2021,36
9,23,2021,71
9,22,2021,74
9,21,2021,13
9,20,2021,40
9,19,2021,05
9,18,2021,29
9,17,2021,80
9,16,2021,68
9,15,2021,35
9,14,2021,82
9,13,2021,82
9,12,2021,20
9,11,2021,58
9,10,2021,93
9,09,2021,10
9,08,2021,11
9,07,2021,00
9,06,2021,06
9,05,2021,56
9,04,2021,75
9,03,2021,27
9,02,2021,88
9,01,2021,11
8,31,2021,37
8,30,2021,08
8,29,2021,85
8,28,2021,47
8,27,2021,78
8,26,2021,63
8,25,2021,12
8,24,2021,91
8,23,2021,35
8,22,2021,39
8,21,2021,45
8,20,2021,21
8,19,2021,49
8,18,2021,05
8,17,2021,57
8,16,2021,24
8,15,2021,00
8,14,2021,99
8,13,2021,22
8,12,2021,53
8,11,2021,99
8,10,2021,29
8,09,2021,94
8,08,2021,13
8,07,2021,56
8,06,2021,66
8,05,2021,68
8,04,2021,47
8,03,2021,04
8,02,2021,32
8,01,2021,85
7,31,2021,96
7,30,2021,00
7,29,2021,14
7,28,2021,44
7,27,2021,47
7,26,2021,30
7,25,2021,61
7,24,2021,71
7,23,2021,41
7,22,2021,73
7,21,2021,16
7,20,2021,01
7,19,2021,39
7,18,2021,74
7,17,2021,04
7,16,2021,01
7,15,2021,60
7,14,2021,91
7,13,2021,83
7,12,2021,05
7,11,2021,32
7,10,2021,52
7,09,2021,06
7,08,2021,45
7,07,2021,50
7,06,2021,33
7,05,2021,60
7,04,2021,10
7,03,2021,33
7,02,2021,71
7,01,2021,72
6,30,2021,36
6,29,2021,68
6,28,2021,96
6,27,2021,07
6,26,2021,85
6,25,2021,03
6,24,2021,88
6,23,2021,91
6,22,2021,07
6,21,2021,71
6,20,2021,87
6,19,2021,13
6,18,2021,64
6,17,2021,52
6,16,2021,10
6,15,2021,34
6,14,2021,41
6,13,2021,40
6,12,2021,22
6,11,2021,15
6,10,2021,00
6,09,2021,34
6,08,2021,15
6,07,2021,61
6,06,2021,29
6,05,2021,31
6,04,2021,22
6,03,2021,19
6,02,2021,99
6,01,2021,88
5,31,2021,38
5,30,2021,99
5,29,2021,83
5,28,2021,26
5,27,2021,33
5,26,2021,28
5,25,2021,86
5,24,2021,15
5,23,2021,85
5,22,2021,20
5,21,2021,33
5,20,2021,74
5,19,2021,67
5,18,2021,42
5,17,2021,51
5,16,2021,01
5,15,2021,21
5,14,2021,83
5,13,2021,40
5,12,2021,20
5,11,2021,96
5,10,2021,82
5,09,2021,13
5,08,2021,54
5,07,2021,59
5,06,2021,18
5,05,2021,98
5,04,2021,42
5,03,2021,25
5,02,2021,83
5,01,2021,79
4,30,2021,77
4,29,2021,19
4,28,2021,92
4,27,2021,26
4,26,2021,12
4,25,2021,55
4,24,2021,69
4,23,2021,42
4,22,2021,24
4,21,2021,68
4,20,2021,26
4,19,2021,77
4,18,2021,78
4,17,2021,12
4,16,2021,83
4,15,2021,74
4,14,2021,35
4,13,2021,56
4,12,2021,83
4,11,2021,77
4,10,2021,55
4,09,2021,66
4,08,2021,38
4,07,2021,72
4,06,2021,76
4,05,2021,62
4,04,2021,75
4,03,2021,81
4,02,2021,46
4,01,2021,99
3,31,2021,98
3,30,2021,43
3,29,2021,53
3,28,2021,40
3,27,2021,81
3,26,2021,88
3,25,2021,36
3,24,2021,95
3,23,2021,36
3,22,2021,52
3,21,2021,44
3,20,2021,91
3,19,2021,49
3,18,2021,49
3,17,2021,17
3,16,2021,66
3,15,2021,49
3,14,2021,26
3,13,2021,05
3,12,2021,02
3,11,2021,29
3,10,2021,60
3,09,2021,84
3,08,2021,02
3,07,2021,16
3,06,2021,04
3,05,2021,83
3,04,2021,61
3,03,2021,22
3,02,2021,62
3,01,2021,88
2,28,2021,23
2,27,2021,18
2,26,2021,83
2,25,2021,57
2,24,2021,01
2,23,2021,39
2,22,2021,41
2,21,2021,13
2,20,2021,24
2,19,2021,31
2,18,2021,42
2,17,2021,03
2,16,2021,73
2,15,2021,56
2,14,2021,89
2,13,2021,59
2,12,2021,85
2,11,2021,71
2,10,2021,86
2,09,2021,86
2,08,2021,66
2,07,2021,51
2,06,2021,43
2,05,2021,34
2,04,2021,50
2,03,2021,17
2,02,2021,63
2,01,2021,53
1,31,2021,16
1,30,2021,17
1,29,2021,50
1,28,2021,87
1,27,2021,98
1,26,2021,46
1,25,2021,45
1,24,2021,50
1,23,2021,13
1,22,2021,16
1,21,2021,79
1,20,2021,02
1,19,2021,47
1,18,2021,93
1,17,2021,92
1,16,2021,00
1,15,2021,24
1,14,2021,38
1,13,2021,12
1,12,2021,16
1,11,2021,97
1,10,2021,77
1,09,2021,19
1,08,2021,47
1,07,2021,68
1,06,2021,61
1,05,2021,83
1,04,2021,81
1,03,2021,58
1,02,2021,29
1,01,2021,68
6,28,2022,07
6,27,2022,26
6,26,2022,69
6,25,2022,35
6,24,2022,29
6,23,2022,92
6,22,2022,23
6,21,2022,64
6,20,2022,70
6,19,2022,44
6,18,2022,96
6,17,2022,20
6,16,2022,47
6,15,2022,44
6,14,2022,54
6,13,2022,53
6,12,2022,63
6,11,2022,13
6,10,2022,05
6,09,2022,50
6,08,2022,25
6,07,2022,74
6,06,2022,37
6,05,2022,73
6,04,2022,93
6,03,2022,49
6,02,2022,01
6,01,2022,94
5,31,2022,29
5,30,2022,74
5,29,2022,56
5,28,2022,55
5,27,2022,89
5,26,2022,44
5,25,2022,71
5,24,2022,69
5,23,2022,26
5,22,2022,32
5,21,2022,52
5,20,2022,12
5,19,2022,32
5,18,2022,64
5,17,2022,14
5,16,2022,77
5,15,2022,09
5,14,2022,39
5,13,2022,25
5,12,2022,89
5,11,2022,28
5,10,2022,53
5,09,2022,08
5,08,2022,66
5,07,2022,89
5,06,2022,59
5,05,2022,31
5,04,2022,61
5,03,2022,83
5,02,2022,60
5,01,2022,19
4,30,2022,80
4,29,2022,60
4,28,2022,20
4,27,2022,04
4,26,2022,99
4,25,2022,61
4,24,2022,77
4,23,2022,87
4,22,2022,46
4,21,2022,42
4,20,2022,74
4,19,2022,95
4,18,2022,89
4,17,2022,62
4,16,2022,19
4,15,2022,96
4,14,2022,32
4,13,2022,12
4,12,2022,91
4,11,2022,21
4,10,2022,93
4,09,2022,22
4,08,2022,11
4,07,2022,17
4,06,2022,37
4,05,2022,58
4,04,2022,74
4,03,2022,95
4,02,2022,61
4,01,2022,60
3,31,2022,94
3,30,2022,05
3,29,2022,54
3,28,2022,00
3,27,2022,76
3,26,2022,57
3,25,2022,37
3,24,2022,83
3,23,2022,11
3,22,2022,49
3,21,2022,13
3,20,2022,68
3,19,2022,15
3,18,2022,60
3,17,2022,48
3,16,2022,52
3,15,2022,57
3,14,2022,65
3,13,2022,83
3,12,2022,38
3,11,2022,53
3,10,2022,10
3,09,2022,32
3,08,2022,01
3,07,2022,25
3,06,2022,45
3,05,2022,69
3,04,2022,77
3,03,2022,44
3,02,2022,44
3,01,2022,02
2,28,2022,73
2,27,2022,45
2,26,2022,34
2,25,2022,80
2,24,2022,20
2,23,2022,94
2,22,2022,28
2,21,2022,64
2,18,2022,57
2,17,2022,05
2,16,2022,84
2,15,2022,74
2,14,2022,70
2,13,2022,63
2,12,2022,73
2,11,2022,06
2,10,2022,02
2,09,2022,60
2,08,2022,65
2,07,2022,55
2,06,2022,49
2,05,2022,89
2,04,2022,01
2,03,2022,28
2,02,2022,73
2,01,2022,92
1,31,2022,20
1,30,2022,08
1,29,2022,91
1,28,2022,56
1,27,2022,60
1,26,2022,11
1,25,2022,19
1,24,2022,97
1,23,2022,74
1,22,2022,24
1,21,2022,85
1,20,2022,60
1,19,2022,24
1,18,2022,08
1,17,2022,42
1,16,2022,60
1,15,2022,45
1,14,2022,65
1,13,2022,95
1,12,2022,18
1,11,2022,48
1,10,2022,23
1,09,2022,98
1,08,2022,33
1,07,2022,39
1,06,2022,57
1,05,2022,10
1,04,2022,75
1,03,2022,79
1,02,2022,76
1,01,2022,35
